# reachable from PureModelContextData over legend-engine's protocol jars: 783 classes; 0 unloadable classes and 0 unreadable jars skipped
org.eclipse.collections.api.list.MutableList
org.finos.legend.engine.protocol.Protocol
org.finos.legend.engine.protocol.bigqueryFunction.metamodel.BigQueryFunction
org.finos.legend.engine.protocol.bigqueryFunction.metamodel.BigQueryFunctionDeploymentConfiguration
org.finos.legend.engine.protocol.dataquality.metamodel.DataQuality
org.finos.legend.engine.protocol.dataquality.metamodel.DataQualityExecutionContext
org.finos.legend.engine.protocol.dataquality.metamodel.DataQualityPersistenceStrategy
org.finos.legend.engine.protocol.dataquality.metamodel.DataQualityPropertyGraphFetchTree
org.finos.legend.engine.protocol.dataquality.metamodel.DataQualityRelationComparison
org.finos.legend.engine.protocol.dataquality.metamodel.DataQualityRootGraphFetchTree
org.finos.legend.engine.protocol.dataquality.metamodel.DataSpaceDataQualityExecutionContext
org.finos.legend.engine.protocol.dataquality.metamodel.DataqualityRelationValidation
org.finos.legend.engine.protocol.dataquality.metamodel.MD5HashStrategy
org.finos.legend.engine.protocol.dataquality.metamodel.MappingAndRuntimeDataQualityExecutionContext
org.finos.legend.engine.protocol.dataquality.metamodel.ReconStrategy
org.finos.legend.engine.protocol.dataquality.metamodel.RelationValidation
org.finos.legend.engine.protocol.dataquality.metamodel.testable.DataQualityRelationComparisonTest
org.finos.legend.engine.protocol.dataquality.metamodel.testable.DataQualityRelationComparisonTestData
org.finos.legend.engine.protocol.dataquality.metamodel.testable.DataQualityRelationComparisonTestSuite
org.finos.legend.engine.protocol.dataquality.metamodel.testable.DataQualityRelationValidationTest
org.finos.legend.engine.protocol.dataquality.metamodel.testable.DataQualityRelationValidationTestData
org.finos.legend.engine.protocol.dataquality.metamodel.testable.DataQualityRelationValidationTestSuite
org.finos.legend.engine.protocol.deephaven.metamodel.AndOperatorExpression
org.finos.legend.engine.protocol.deephaven.metamodel.BitAndOperation
org.finos.legend.engine.protocol.deephaven.metamodel.BitNotOperation
org.finos.legend.engine.protocol.deephaven.metamodel.BitOrOperation
org.finos.legend.engine.protocol.deephaven.metamodel.BitShiftLeftOperation
org.finos.legend.engine.protocol.deephaven.metamodel.BitShiftRightOperation
org.finos.legend.engine.protocol.deephaven.metamodel.BitXorOperation
org.finos.legend.engine.protocol.deephaven.metamodel.CoalesceOperation
org.finos.legend.engine.protocol.deephaven.metamodel.ComparisonOperatorExpression
org.finos.legend.engine.protocol.deephaven.metamodel.DeephavenApp
org.finos.legend.engine.protocol.deephaven.metamodel.DeephavenOperationElement
org.finos.legend.engine.protocol.deephaven.metamodel.DeephavenQuery
org.finos.legend.engine.protocol.deephaven.metamodel.DivisionOperation
org.finos.legend.engine.protocol.deephaven.metamodel.DivisionWithScaleOperation
org.finos.legend.engine.protocol.deephaven.metamodel.EqOperatorExpression
org.finos.legend.engine.protocol.deephaven.metamodel.ExtendWindowOperation
org.finos.legend.engine.protocol.deephaven.metamodel.FilterExpression
org.finos.legend.engine.protocol.deephaven.metamodel.FilterOperation
org.finos.legend.engine.protocol.deephaven.metamodel.FirstOperation
org.finos.legend.engine.protocol.deephaven.metamodel.FuncColSpecOperation
org.finos.legend.engine.protocol.deephaven.metamodel.InOperatorExpression
org.finos.legend.engine.protocol.deephaven.metamodel.JoinCondition
org.finos.legend.engine.protocol.deephaven.metamodel.JoinKind
org.finos.legend.engine.protocol.deephaven.metamodel.JoinOperation
org.finos.legend.engine.protocol.deephaven.metamodel.LastOperation
org.finos.legend.engine.protocol.deephaven.metamodel.LogicalOperatorExpression
org.finos.legend.engine.protocol.deephaven.metamodel.NegationOperation
org.finos.legend.engine.protocol.deephaven.metamodel.NotOperatorExpression
org.finos.legend.engine.protocol.deephaven.metamodel.NthOperation
org.finos.legend.engine.protocol.deephaven.metamodel.NumericOperation
org.finos.legend.engine.protocol.deephaven.metamodel.OffsetOperation
org.finos.legend.engine.protocol.deephaven.metamodel.OrOperatorExpression
org.finos.legend.engine.protocol.deephaven.metamodel.QueryOperation
org.finos.legend.engine.protocol.deephaven.metamodel.RoundWithScaleOperation
org.finos.legend.engine.protocol.deephaven.metamodel.SelectOperation
org.finos.legend.engine.protocol.deephaven.metamodel.SortColumn
org.finos.legend.engine.protocol.deephaven.metamodel.SortDirection
org.finos.legend.engine.protocol.deephaven.metamodel.SortOperation
org.finos.legend.engine.protocol.deephaven.metamodel.WindowOperation
org.finos.legend.engine.protocol.deephaven.metamodel.WindowSpec
org.finos.legend.engine.protocol.deephaven.metamodel.runtime.DeephavenConnection
org.finos.legend.engine.protocol.deephaven.metamodel.runtime.DeephavenSourceSpecification
org.finos.legend.engine.protocol.deephaven.metamodel.store.Column
org.finos.legend.engine.protocol.deephaven.metamodel.store.DeephavenStore
org.finos.legend.engine.protocol.deephaven.metamodel.store.Literal
org.finos.legend.engine.protocol.deephaven.metamodel.store.LiteralList
org.finos.legend.engine.protocol.deephaven.metamodel.store.Table
org.finos.legend.engine.protocol.deephaven.metamodel.type.BooleanType
org.finos.legend.engine.protocol.deephaven.metamodel.type.ByteType
org.finos.legend.engine.protocol.deephaven.metamodel.type.CharType
org.finos.legend.engine.protocol.deephaven.metamodel.type.CustomType
org.finos.legend.engine.protocol.deephaven.metamodel.type.DateTimeType
org.finos.legend.engine.protocol.deephaven.metamodel.type.DecimalType
org.finos.legend.engine.protocol.deephaven.metamodel.type.DoubleType
org.finos.legend.engine.protocol.deephaven.metamodel.type.FloatType
org.finos.legend.engine.protocol.deephaven.metamodel.type.IntType
org.finos.legend.engine.protocol.deephaven.metamodel.type.LongType
org.finos.legend.engine.protocol.deephaven.metamodel.type.ShortType
org.finos.legend.engine.protocol.deephaven.metamodel.type.StringType
org.finos.legend.engine.protocol.deephaven.metamodel.type.TimestampType
org.finos.legend.engine.protocol.deephaven.metamodel.type.Type
org.finos.legend.engine.protocol.functionActivator.metamodel.DeploymentConfiguration
org.finos.legend.engine.protocol.functionActivator.metamodel.FunctionActivator
org.finos.legend.engine.protocol.functionActivator.metamodel.Ownership
org.finos.legend.engine.protocol.functionActivator.metamodel.PostDeploymentAction
org.finos.legend.engine.protocol.functionActivator.metamodel.PostDeploymentProperties
org.finos.legend.engine.protocol.functionJar.metamodel.FunctionJar
org.finos.legend.engine.protocol.hostedService.metamodel.HostedService
org.finos.legend.engine.protocol.hostedService.metamodel.HostedServiceDeploymentConfiguration
org.finos.legend.engine.protocol.hostedService.metamodel.control.UserList
org.finos.legend.engine.protocol.memsqlFunction.metamodel.MemSqlFunction
org.finos.legend.engine.protocol.memsqlFunction.metamodel.MemSqlFunctionDeploymentConfiguration
org.finos.legend.engine.protocol.mongodb.schema.metamodel.ArrayType
org.finos.legend.engine.protocol.mongodb.schema.metamodel.BaseType
org.finos.legend.engine.protocol.mongodb.schema.metamodel.BinaryType
org.finos.legend.engine.protocol.mongodb.schema.metamodel.BoolType
org.finos.legend.engine.protocol.mongodb.schema.metamodel.BsonType
org.finos.legend.engine.protocol.mongodb.schema.metamodel.Collation
org.finos.legend.engine.protocol.mongodb.schema.metamodel.Collection
org.finos.legend.engine.protocol.mongodb.schema.metamodel.CollectionView
org.finos.legend.engine.protocol.mongodb.schema.metamodel.DateType
org.finos.legend.engine.protocol.mongodb.schema.metamodel.DecimalType
org.finos.legend.engine.protocol.mongodb.schema.metamodel.DoubleType
org.finos.legend.engine.protocol.mongodb.schema.metamodel.IntType
org.finos.legend.engine.protocol.mongodb.schema.metamodel.JavaScriptType
org.finos.legend.engine.protocol.mongodb.schema.metamodel.LongType
org.finos.legend.engine.protocol.mongodb.schema.metamodel.MaxKeyType
org.finos.legend.engine.protocol.mongodb.schema.metamodel.MinKeyType
org.finos.legend.engine.protocol.mongodb.schema.metamodel.MongoDBOperationElement
org.finos.legend.engine.protocol.mongodb.schema.metamodel.MongoIndex
org.finos.legend.engine.protocol.mongodb.schema.metamodel.NullType
org.finos.legend.engine.protocol.mongodb.schema.metamodel.ObjectIdType
org.finos.legend.engine.protocol.mongodb.schema.metamodel.ObjectType
org.finos.legend.engine.protocol.mongodb.schema.metamodel.PropertyType
org.finos.legend.engine.protocol.mongodb.schema.metamodel.RegExType
org.finos.legend.engine.protocol.mongodb.schema.metamodel.Schema
org.finos.legend.engine.protocol.mongodb.schema.metamodel.SchemaValidationAction
org.finos.legend.engine.protocol.mongodb.schema.metamodel.SchemaValidationLevel
org.finos.legend.engine.protocol.mongodb.schema.metamodel.StringType
org.finos.legend.engine.protocol.mongodb.schema.metamodel.TimeStampType
org.finos.legend.engine.protocol.mongodb.schema.metamodel.Validator
org.finos.legend.engine.protocol.mongodb.schema.metamodel.aggregation.AggregationPipeline
org.finos.legend.engine.protocol.mongodb.schema.metamodel.aggregation.AndOperatorExpression
org.finos.legend.engine.protocol.mongodb.schema.metamodel.aggregation.ArgumentExpression
org.finos.legend.engine.protocol.mongodb.schema.metamodel.aggregation.ArrayTypeValue
org.finos.legend.engine.protocol.mongodb.schema.metamodel.aggregation.BaseTypeValue
org.finos.legend.engine.protocol.mongodb.schema.metamodel.aggregation.BoolTypeValue
org.finos.legend.engine.protocol.mongodb.schema.metamodel.aggregation.ComparisonOperatorExpression
org.finos.legend.engine.protocol.mongodb.schema.metamodel.aggregation.ComputedFieldValue
org.finos.legend.engine.protocol.mongodb.schema.metamodel.aggregation.Cursor
org.finos.legend.engine.protocol.mongodb.schema.metamodel.aggregation.DatabaseCommand
org.finos.legend.engine.protocol.mongodb.schema.metamodel.aggregation.DateTypeValue
org.finos.legend.engine.protocol.mongodb.schema.metamodel.aggregation.DecimalTypeValue
org.finos.legend.engine.protocol.mongodb.schema.metamodel.aggregation.EqOperatorExpression
org.finos.legend.engine.protocol.mongodb.schema.metamodel.aggregation.ExprQueryExpression
org.finos.legend.engine.protocol.mongodb.schema.metamodel.aggregation.FieldPathExpression
org.finos.legend.engine.protocol.mongodb.schema.metamodel.aggregation.FloatTypeValue
org.finos.legend.engine.protocol.mongodb.schema.metamodel.aggregation.GTEOperatorExpression
org.finos.legend.engine.protocol.mongodb.schema.metamodel.aggregation.GTOperatorExpression
org.finos.legend.engine.protocol.mongodb.schema.metamodel.aggregation.InOperatorExpression
org.finos.legend.engine.protocol.mongodb.schema.metamodel.aggregation.IntTypeValue
org.finos.legend.engine.protocol.mongodb.schema.metamodel.aggregation.JsonSchemaExpression
org.finos.legend.engine.protocol.mongodb.schema.metamodel.aggregation.KeyValueExpressionPair
org.finos.legend.engine.protocol.mongodb.schema.metamodel.aggregation.KeyValuePair
org.finos.legend.engine.protocol.mongodb.schema.metamodel.aggregation.LTEOperatorExpression
org.finos.legend.engine.protocol.mongodb.schema.metamodel.aggregation.LTOperatorExpression
org.finos.legend.engine.protocol.mongodb.schema.metamodel.aggregation.LiteralValue
org.finos.legend.engine.protocol.mongodb.schema.metamodel.aggregation.LogicalOperatorExpression
org.finos.legend.engine.protocol.mongodb.schema.metamodel.aggregation.LongTypeValue
org.finos.legend.engine.protocol.mongodb.schema.metamodel.aggregation.MatchStage
org.finos.legend.engine.protocol.mongodb.schema.metamodel.aggregation.NEOperatorExpression
org.finos.legend.engine.protocol.mongodb.schema.metamodel.aggregation.NinOperatorExpression
org.finos.legend.engine.protocol.mongodb.schema.metamodel.aggregation.NorOperatorExpression
org.finos.legend.engine.protocol.mongodb.schema.metamodel.aggregation.NotOperatorExpression
org.finos.legend.engine.protocol.mongodb.schema.metamodel.aggregation.NullTypeValue
org.finos.legend.engine.protocol.mongodb.schema.metamodel.aggregation.ObjectExpression
org.finos.legend.engine.protocol.mongodb.schema.metamodel.aggregation.ObjectQueryExpression
org.finos.legend.engine.protocol.mongodb.schema.metamodel.aggregation.ObjectTypeValue
org.finos.legend.engine.protocol.mongodb.schema.metamodel.aggregation.OrOperatorExpression
org.finos.legend.engine.protocol.mongodb.schema.metamodel.aggregation.ProjectStage
org.finos.legend.engine.protocol.mongodb.schema.metamodel.aggregation.QueryExprKeyValue
org.finos.legend.engine.protocol.mongodb.schema.metamodel.aggregation.ReadConcern
org.finos.legend.engine.protocol.mongodb.schema.metamodel.aggregation.ReadConcernValue
org.finos.legend.engine.protocol.mongodb.schema.metamodel.aggregation.Stage
org.finos.legend.engine.protocol.mongodb.schema.metamodel.aggregation.StringTypeValue
org.finos.legend.engine.protocol.mongodb.schema.metamodel.aggregation.VariableTypeValue
org.finos.legend.engine.protocol.mongodb.schema.metamodel.aggregation.ViewPipeline
org.finos.legend.engine.protocol.mongodb.schema.metamodel.aggregation.WriteConcern
org.finos.legend.engine.protocol.mongodb.schema.metamodel.pure.MongoDBConnection
org.finos.legend.engine.protocol.mongodb.schema.metamodel.pure.MongoDatabase
org.finos.legend.engine.protocol.mongodb.schema.metamodel.pure.RootMongoDBClassMapping
org.finos.legend.engine.protocol.mongodb.schema.metamodel.runtime.DatabaseType
org.finos.legend.engine.protocol.mongodb.schema.metamodel.runtime.MongoDBDatasourceSpecification
org.finos.legend.engine.protocol.mongodb.schema.metamodel.runtime.MongoDBURL
org.finos.legend.engine.protocol.pure.dsl.graph.valuespecification.constant.classInstance.GraphFetchTree
org.finos.legend.engine.protocol.pure.dsl.graph.valuespecification.constant.classInstance.PropertyGraphFetchTree
org.finos.legend.engine.protocol.pure.dsl.graph.valuespecification.constant.classInstance.RootGraphFetchTree
org.finos.legend.engine.protocol.pure.dsl.graph.valuespecification.constant.classInstance.SubTypeGraphFetchTree
org.finos.legend.engine.protocol.pure.dsl.path.valuespecification.constant.classInstance.Path
org.finos.legend.engine.protocol.pure.dsl.path.valuespecification.constant.classInstance.PathElement
org.finos.legend.engine.protocol.pure.dsl.path.valuespecification.constant.classInstance.PropertyPathElement
org.finos.legend.engine.protocol.pure.m3.PackageableElement
org.finos.legend.engine.protocol.pure.m3.SourceInformation
org.finos.legend.engine.protocol.pure.m3.constraint.Constraint
org.finos.legend.engine.protocol.pure.m3.extension.Profile
org.finos.legend.engine.protocol.pure.m3.extension.ProfileStereotype
org.finos.legend.engine.protocol.pure.m3.extension.ProfileTag
org.finos.legend.engine.protocol.pure.m3.extension.StereotypePtr
org.finos.legend.engine.protocol.pure.m3.extension.TagPtr
org.finos.legend.engine.protocol.pure.m3.extension.TaggedValue
org.finos.legend.engine.protocol.pure.m3.function.Function
org.finos.legend.engine.protocol.pure.m3.function.LambdaFunction
org.finos.legend.engine.protocol.pure.m3.function.property.AggregationKind
org.finos.legend.engine.protocol.pure.m3.function.property.DefaultValue
org.finos.legend.engine.protocol.pure.m3.function.property.Property
org.finos.legend.engine.protocol.pure.m3.function.property.QualifiedProperty
org.finos.legend.engine.protocol.pure.m3.multiplicity.Multiplicity
org.finos.legend.engine.protocol.pure.m3.relation.Column
org.finos.legend.engine.protocol.pure.m3.relation.RelationType
org.finos.legend.engine.protocol.pure.m3.relationship.Association
org.finos.legend.engine.protocol.pure.m3.type.Class
org.finos.legend.engine.protocol.pure.m3.type.EnumValue
org.finos.legend.engine.protocol.pure.m3.type.Enumeration
org.finos.legend.engine.protocol.pure.m3.type.Measure
org.finos.legend.engine.protocol.pure.m3.type.Type
org.finos.legend.engine.protocol.pure.m3.type.Unit
org.finos.legend.engine.protocol.pure.m3.type.generics.GenericType
org.finos.legend.engine.protocol.pure.m3.valuespecification.AbstractAppliedFunction
org.finos.legend.engine.protocol.pure.m3.valuespecification.AppliedFunction
org.finos.legend.engine.protocol.pure.m3.valuespecification.AppliedProperty
org.finos.legend.engine.protocol.pure.m3.valuespecification.Collection
org.finos.legend.engine.protocol.pure.m3.valuespecification.Many
org.finos.legend.engine.protocol.pure.m3.valuespecification.One
org.finos.legend.engine.protocol.pure.m3.valuespecification.ValueSpecification
org.finos.legend.engine.protocol.pure.m3.valuespecification.Variable
org.finos.legend.engine.protocol.pure.m3.valuespecification.constant.GenericTypeInstance
org.finos.legend.engine.protocol.pure.m3.valuespecification.constant.PackageableElementPtr
org.finos.legend.engine.protocol.pure.m3.valuespecification.constant.PackageableType
org.finos.legend.engine.protocol.pure.m3.valuespecification.constant.classInstance.ClassInstance
org.finos.legend.engine.protocol.pure.m3.valuespecification.constant.datatype.DataTypeValueSpecification
org.finos.legend.engine.protocol.pure.m3.valuespecification.constant.datatype.EnumValue
org.finos.legend.engine.protocol.pure.m3.valuespecification.constant.datatype.UnitInstance
org.finos.legend.engine.protocol.pure.m3.valuespecification.constant.datatype.primitive.CBoolean
org.finos.legend.engine.protocol.pure.m3.valuespecification.constant.datatype.primitive.CByteArray
org.finos.legend.engine.protocol.pure.m3.valuespecification.constant.datatype.primitive.CDate
org.finos.legend.engine.protocol.pure.m3.valuespecification.constant.datatype.primitive.CDateTime
org.finos.legend.engine.protocol.pure.m3.valuespecification.constant.datatype.primitive.CDecimal
org.finos.legend.engine.protocol.pure.m3.valuespecification.constant.datatype.primitive.CFloat
org.finos.legend.engine.protocol.pure.m3.valuespecification.constant.datatype.primitive.CInteger
org.finos.legend.engine.protocol.pure.m3.valuespecification.constant.datatype.primitive.CLatestDate
org.finos.legend.engine.protocol.pure.m3.valuespecification.constant.datatype.primitive.CStrictDate
org.finos.legend.engine.protocol.pure.m3.valuespecification.constant.datatype.primitive.CStrictTime
org.finos.legend.engine.protocol.pure.m3.valuespecification.constant.datatype.primitive.CString
org.finos.legend.engine.protocol.pure.m3.valuespecification.constant.datatype.primitive.PrimitiveValueSpecification
org.finos.legend.engine.protocol.pure.v1.model.context.AlloySDLC
org.finos.legend.engine.protocol.pure.v1.model.context.PackageableElementPointer
org.finos.legend.engine.protocol.pure.v1.model.context.PackageableElementType
org.finos.legend.engine.protocol.pure.v1.model.context.PureModelContext
org.finos.legend.engine.protocol.pure.v1.model.context.PureModelContextCombination
org.finos.legend.engine.protocol.pure.v1.model.context.PureModelContextConcrete
org.finos.legend.engine.protocol.pure.v1.model.context.PureModelContextData
org.finos.legend.engine.protocol.pure.v1.model.context.PureModelContextPointer
org.finos.legend.engine.protocol.pure.v1.model.context.PureModelContextText
org.finos.legend.engine.protocol.pure.v1.model.context.PureSDLC
org.finos.legend.engine.protocol.pure.v1.model.context.SDLC
org.finos.legend.engine.protocol.pure.v1.model.context.WorkspaceSDLC
org.finos.legend.engine.protocol.pure.v1.model.data.BaseDataResolver
org.finos.legend.engine.protocol.pure.v1.model.data.DataElementReference
org.finos.legend.engine.protocol.pure.v1.model.data.DataResolver
org.finos.legend.engine.protocol.pure.v1.model.data.EmbeddedData
org.finos.legend.engine.protocol.pure.v1.model.data.ExternalFormatData
org.finos.legend.engine.protocol.pure.v1.model.data.ModelEmbeddedTestData
org.finos.legend.engine.protocol.pure.v1.model.data.ModelInstanceTestData
org.finos.legend.engine.protocol.pure.v1.model.data.ModelStoreData
org.finos.legend.engine.protocol.pure.v1.model.data.ModelTestData
org.finos.legend.engine.protocol.pure.v1.model.data.ReferenceDataResolver
org.finos.legend.engine.protocol.pure.v1.model.data.ServiceRequestPattern
org.finos.legend.engine.protocol.pure.v1.model.data.ServiceResponseDefinition
org.finos.legend.engine.protocol.pure.v1.model.data.ServiceStoreEmbeddedData
org.finos.legend.engine.protocol.pure.v1.model.data.ServiceStubMapping
org.finos.legend.engine.protocol.pure.v1.model.data.contentPattern.ContentPattern
org.finos.legend.engine.protocol.pure.v1.model.data.contentPattern.EqualToJsonPattern
org.finos.legend.engine.protocol.pure.v1.model.data.contentPattern.EqualToPattern
org.finos.legend.engine.protocol.pure.v1.model.data.contentPattern.StringValuePattern
org.finos.legend.engine.protocol.pure.v1.model.data.relation.RelationElement
org.finos.legend.engine.protocol.pure.v1.model.data.relation.RelationElementsData
org.finos.legend.engine.protocol.pure.v1.model.data.relation.RelationRowTestData
org.finos.legend.engine.protocol.pure.v1.model.executionOption.ExecutionOption
org.finos.legend.engine.protocol.pure.v1.model.packageableElement.authentication.demo.AuthenticationDemo
org.finos.legend.engine.protocol.pure.v1.model.packageableElement.authentication.specification.ApiKeyAuthenticationSpecification
org.finos.legend.engine.protocol.pure.v1.model.packageableElement.authentication.specification.ApiKeyAuthenticationSpecification$Location
org.finos.legend.engine.protocol.pure.v1.model.packageableElement.authentication.specification.AuthenticationSpecification
org.finos.legend.engine.protocol.pure.v1.model.packageableElement.authentication.specification.EncryptedPrivateKeyPairAuthenticationSpecification
org.finos.legend.engine.protocol.pure.v1.model.packageableElement.authentication.specification.GCPWIFWithAWSIdPAuthenticationSpecification
org.finos.legend.engine.protocol.pure.v1.model.packageableElement.authentication.specification.GCPWIFWithAWSIdPAuthenticationSpecification$IdPConfiguration
org.finos.legend.engine.protocol.pure.v1.model.packageableElement.authentication.specification.GCPWIFWithAWSIdPAuthenticationSpecification$WorkloadConfiguration
org.finos.legend.engine.protocol.pure.v1.model.packageableElement.authentication.specification.KerberosAuthenticationSpecification
org.finos.legend.engine.protocol.pure.v1.model.packageableElement.authentication.specification.PSKAuthenticationSpecification
org.finos.legend.engine.protocol.pure.v1.model.packageableElement.authentication.specification.UserPasswordAuthenticationSpecification
org.finos.legend.engine.protocol.pure.v1.model.packageableElement.authentication.vault.CredentialVaultSecret
org.finos.legend.engine.protocol.pure.v1.model.packageableElement.authentication.vault.EnvironmentCredentialVaultSecret
org.finos.legend.engine.protocol.pure.v1.model.packageableElement.authentication.vault.PropertiesFileSecret
org.finos.legend.engine.protocol.pure.v1.model.packageableElement.authentication.vault.SystemPropertiesSecret
org.finos.legend.engine.protocol.pure.v1.model.packageableElement.authentication.vault.aws.AWSCredentials
org.finos.legend.engine.protocol.pure.v1.model.packageableElement.authentication.vault.aws.AWSDefaultCredentials
org.finos.legend.engine.protocol.pure.v1.model.packageableElement.authentication.vault.aws.AWSSTSAssumeRoleCredentials
org.finos.legend.engine.protocol.pure.v1.model.packageableElement.authentication.vault.aws.AWSSecretsManagerSecret
org.finos.legend.engine.protocol.pure.v1.model.packageableElement.authentication.vault.aws.AWSStaticCredentials
org.finos.legend.engine.protocol.pure.v1.model.packageableElement.connection.Connection
org.finos.legend.engine.protocol.pure.v1.model.packageableElement.connection.ConnectionPointer
org.finos.legend.engine.protocol.pure.v1.model.packageableElement.connection.PackageableConnection
org.finos.legend.engine.protocol.pure.v1.model.packageableElement.data.DataElement
org.finos.legend.engine.protocol.pure.v1.model.packageableElement.dataSpace.DataSpace
org.finos.legend.engine.protocol.pure.v1.model.packageableElement.dataSpace.DataSpaceDeliveryFrequency
org.finos.legend.engine.protocol.pure.v1.model.packageableElement.dataSpace.DataSpaceDiagram
org.finos.legend.engine.protocol.pure.v1.model.packageableElement.dataSpace.DataSpaceElementPointer
org.finos.legend.engine.protocol.pure.v1.model.packageableElement.dataSpace.DataSpaceEmail
org.finos.legend.engine.protocol.pure.v1.model.packageableElement.dataSpace.DataSpaceExecutable
org.finos.legend.engine.protocol.pure.v1.model.packageableElement.dataSpace.DataSpaceExecutionContext
org.finos.legend.engine.protocol.pure.v1.model.packageableElement.dataSpace.DataSpaceExpertise
org.finos.legend.engine.protocol.pure.v1.model.packageableElement.dataSpace.DataSpaceLink
org.finos.legend.engine.protocol.pure.v1.model.packageableElement.dataSpace.DataSpaceMappingProvider
org.finos.legend.engine.protocol.pure.v1.model.packageableElement.dataSpace.DataSpaceOperationalMetadata
org.finos.legend.engine.protocol.pure.v1.model.packageableElement.dataSpace.DataSpacePackageableElementExecutable
org.finos.legend.engine.protocol.pure.v1.model.packageableElement.dataSpace.DataSpaceRegion
org.finos.legend.engine.protocol.pure.v1.model.packageableElement.dataSpace.DataSpaceSupportCombinedInfo
org.finos.legend.engine.protocol.pure.v1.model.packageableElement.dataSpace.DataSpaceSupportEmail
org.finos.legend.engine.protocol.pure.v1.model.packageableElement.dataSpace.DataSpaceSupportFullInfo
org.finos.legend.engine.protocol.pure.v1.model.packageableElement.dataSpace.DataSpaceSupportInfo
org.finos.legend.engine.protocol.pure.v1.model.packageableElement.dataSpace.DataSpaceTemplateExecutable
org.finos.legend.engine.protocol.pure.v1.model.packageableElement.dataSpace.MappingIncludeDataSpace
org.finos.legend.engine.protocol.pure.v1.model.packageableElement.diagram.ClassView
org.finos.legend.engine.protocol.pure.v1.model.packageableElement.diagram.Diagram
org.finos.legend.engine.protocol.pure.v1.model.packageableElement.diagram.GeneralizationView
org.finos.legend.engine.protocol.pure.v1.model.packageableElement.diagram.PropertyHolderView
org.finos.legend.engine.protocol.pure.v1.model.packageableElement.diagram.PropertyView
org.finos.legend.engine.protocol.pure.v1.model.packageableElement.diagram.RelationshipView
org.finos.legend.engine.protocol.pure.v1.model.packageableElement.diagram.geometry.Line
org.finos.legend.engine.protocol.pure.v1.model.packageableElement.diagram.geometry.Point
org.finos.legend.engine.protocol.pure.v1.model.packageableElement.diagram.geometry.PositionedRectangle
org.finos.legend.engine.protocol.pure.v1.model.packageableElement.diagram.geometry.Rectangle
org.finos.legend.engine.protocol.pure.v1.model.packageableElement.domain.ModelUnit
org.finos.legend.engine.protocol.pure.v1.model.packageableElement.domain.ParameterValue
org.finos.legend.engine.protocol.pure.v1.model.packageableElement.externalFormat.Binding
org.finos.legend.engine.protocol.pure.v1.model.packageableElement.externalFormat.BindingTransformer
org.finos.legend.engine.protocol.pure.v1.model.packageableElement.externalFormat.ExternalFormatSchema
org.finos.legend.engine.protocol.pure.v1.model.packageableElement.externalFormat.ExternalFormatSchemaSet
org.finos.legend.engine.protocol.pure.v1.model.packageableElement.fileGeneration.ConfigurationProperty
org.finos.legend.engine.protocol.pure.v1.model.packageableElement.fileGeneration.FileGenerationSpecification
org.finos.legend.engine.protocol.pure.v1.model.packageableElement.function.FunctionTest
org.finos.legend.engine.protocol.pure.v1.model.packageableElement.function.FunctionTestData
org.finos.legend.engine.protocol.pure.v1.model.packageableElement.function.FunctionTestSuite
org.finos.legend.engine.protocol.pure.v1.model.packageableElement.generationSpecification.AbstractGenerationSpecification
org.finos.legend.engine.protocol.pure.v1.model.packageableElement.generationSpecification.GenerationSpecification
org.finos.legend.engine.protocol.pure.v1.model.packageableElement.generationSpecification.GenerationTreeNode
org.finos.legend.engine.protocol.pure.v1.model.packageableElement.generationSpecification.ModelGenerationSpecification
org.finos.legend.engine.protocol.pure.v1.model.packageableElement.mapper.DatabaseMapper
org.finos.legend.engine.protocol.pure.v1.model.packageableElement.mapper.RelationalMapper
org.finos.legend.engine.protocol.pure.v1.model.packageableElement.mapper.SchemaMapper
org.finos.legend.engine.protocol.pure.v1.model.packageableElement.mapper.SchemaPtr
org.finos.legend.engine.protocol.pure.v1.model.packageableElement.mapper.TableMapper
org.finos.legend.engine.protocol.pure.v1.model.packageableElement.mapper.TablePtr
org.finos.legend.engine.protocol.pure.v1.model.packageableElement.mapping.AssociationMapping
org.finos.legend.engine.protocol.pure.v1.model.packageableElement.mapping.ClassMapping
org.finos.legend.engine.protocol.pure.v1.model.packageableElement.mapping.EnumValueMapping
org.finos.legend.engine.protocol.pure.v1.model.packageableElement.mapping.EnumerationMapping
org.finos.legend.engine.protocol.pure.v1.model.packageableElement.mapping.LocalMappingPropertyInfo
org.finos.legend.engine.protocol.pure.v1.model.packageableElement.mapping.Mapping
org.finos.legend.engine.protocol.pure.v1.model.packageableElement.mapping.MappingClass
org.finos.legend.engine.protocol.pure.v1.model.packageableElement.mapping.MappingInclude
org.finos.legend.engine.protocol.pure.v1.model.packageableElement.mapping.MappingIncludeMapping
org.finos.legend.engine.protocol.pure.v1.model.packageableElement.mapping.MappingOperation
org.finos.legend.engine.protocol.pure.v1.model.packageableElement.mapping.MergeOperationClassMapping
org.finos.legend.engine.protocol.pure.v1.model.packageableElement.mapping.OperationClassMapping
org.finos.legend.engine.protocol.pure.v1.model.packageableElement.mapping.PropertyMapping
org.finos.legend.engine.protocol.pure.v1.model.packageableElement.mapping.PropertyPointer
org.finos.legend.engine.protocol.pure.v1.model.packageableElement.mapping.aggregationAware.AggregateFunction
org.finos.legend.engine.protocol.pure.v1.model.packageableElement.mapping.aggregationAware.AggregateSetImplementationContainer
org.finos.legend.engine.protocol.pure.v1.model.packageableElement.mapping.aggregationAware.AggregateSpecification
org.finos.legend.engine.protocol.pure.v1.model.packageableElement.mapping.aggregationAware.AggregationAwareClassMapping
org.finos.legend.engine.protocol.pure.v1.model.packageableElement.mapping.aggregationAware.AggregationAwarePropertyMapping
org.finos.legend.engine.protocol.pure.v1.model.packageableElement.mapping.aggregationAware.GroupByFunction
org.finos.legend.engine.protocol.pure.v1.model.packageableElement.mapping.mappingTest.ExpectedOutputMappingTestAssert
org.finos.legend.engine.protocol.pure.v1.model.packageableElement.mapping.mappingTest.InputData
org.finos.legend.engine.protocol.pure.v1.model.packageableElement.mapping.mappingTest.MappingTest
org.finos.legend.engine.protocol.pure.v1.model.packageableElement.mapping.mappingTest.MappingTestAssert
org.finos.legend.engine.protocol.pure.v1.model.packageableElement.mapping.mappingTest.MappingTestSuite
org.finos.legend.engine.protocol.pure.v1.model.packageableElement.mapping.mappingTest.MappingTest_Legacy
org.finos.legend.engine.protocol.pure.v1.model.packageableElement.mapping.mappingTest.StoreTestData
org.finos.legend.engine.protocol.pure.v1.model.packageableElement.mapping.modelJoin.ModelJoinAssociationMapping
org.finos.legend.engine.protocol.pure.v1.model.packageableElement.mapping.modelJoin.ModelJoinPropertyMapping
org.finos.legend.engine.protocol.pure.v1.model.packageableElement.mapping.relationFunction.RelationFunctionClassMapping
org.finos.legend.engine.protocol.pure.v1.model.packageableElement.mapping.relationFunction.RelationFunctionEmbeddedPropertyMapping
org.finos.legend.engine.protocol.pure.v1.model.packageableElement.mapping.relationFunction.RelationFunctionPropertyMapping
org.finos.legend.engine.protocol.pure.v1.model.packageableElement.mapping.xStore.XStoreAssociationMapping
org.finos.legend.engine.protocol.pure.v1.model.packageableElement.mapping.xStore.XStorePropertyMapping
org.finos.legend.engine.protocol.pure.v1.model.packageableElement.persistence.Persistence
org.finos.legend.engine.protocol.pure.v1.model.packageableElement.persistence.PersistenceContext
org.finos.legend.engine.protocol.pure.v1.model.packageableElement.persistence.cloud.context.AwsGluePersistencePlatform
org.finos.legend.engine.protocol.pure.v1.model.packageableElement.persistence.context.DefaultPersistencePlatform
org.finos.legend.engine.protocol.pure.v1.model.packageableElement.persistence.context.PersistencePlatform
org.finos.legend.engine.protocol.pure.v1.model.packageableElement.persistence.dataset.DatasetType
org.finos.legend.engine.protocol.pure.v1.model.packageableElement.persistence.dataset.Delta
org.finos.legend.engine.protocol.pure.v1.model.packageableElement.persistence.dataset.Snapshot
org.finos.legend.engine.protocol.pure.v1.model.packageableElement.persistence.dataset.actionindicator.ActionIndicatorFields
org.finos.legend.engine.protocol.pure.v1.model.packageableElement.persistence.dataset.actionindicator.DeleteIndicator
org.finos.legend.engine.protocol.pure.v1.model.packageableElement.persistence.dataset.actionindicator.DeleteIndicatorForGraphFetch
org.finos.legend.engine.protocol.pure.v1.model.packageableElement.persistence.dataset.actionindicator.DeleteIndicatorForTds
org.finos.legend.engine.protocol.pure.v1.model.packageableElement.persistence.dataset.actionindicator.NoActionIndicator
org.finos.legend.engine.protocol.pure.v1.model.packageableElement.persistence.dataset.deduplication.AnyVersion
org.finos.legend.engine.protocol.pure.v1.model.packageableElement.persistence.dataset.deduplication.Deduplication
org.finos.legend.engine.protocol.pure.v1.model.packageableElement.persistence.dataset.deduplication.MaxVersion
org.finos.legend.engine.protocol.pure.v1.model.packageableElement.persistence.dataset.deduplication.MaxVersionForGraphFetch
org.finos.legend.engine.protocol.pure.v1.model.packageableElement.persistence.dataset.deduplication.MaxVersionForTds
org.finos.legend.engine.protocol.pure.v1.model.packageableElement.persistence.dataset.deduplication.NoDeduplication
org.finos.legend.engine.protocol.pure.v1.model.packageableElement.persistence.dataset.emptyhandling.DeleteTargetDataset
org.finos.legend.engine.protocol.pure.v1.model.packageableElement.persistence.dataset.emptyhandling.EmptyDatasetHandling
org.finos.legend.engine.protocol.pure.v1.model.packageableElement.persistence.dataset.emptyhandling.NoOp
org.finos.legend.engine.protocol.pure.v1.model.packageableElement.persistence.dataset.partitioning.FieldBased
org.finos.legend.engine.protocol.pure.v1.model.packageableElement.persistence.dataset.partitioning.FieldBasedForGraphFetch
org.finos.legend.engine.protocol.pure.v1.model.packageableElement.persistence.dataset.partitioning.FieldBasedForTds
org.finos.legend.engine.protocol.pure.v1.model.packageableElement.persistence.dataset.partitioning.NoPartitioning
org.finos.legend.engine.protocol.pure.v1.model.packageableElement.persistence.dataset.partitioning.Partitioning
org.finos.legend.engine.protocol.pure.v1.model.packageableElement.persistence.notifier.EmailNotifyee
org.finos.legend.engine.protocol.pure.v1.model.packageableElement.persistence.notifier.Notifier
org.finos.legend.engine.protocol.pure.v1.model.packageableElement.persistence.notifier.Notifyee
org.finos.legend.engine.protocol.pure.v1.model.packageableElement.persistence.notifier.PagerDutyNotifyee
org.finos.legend.engine.protocol.pure.v1.model.packageableElement.persistence.persister.BatchPersister
org.finos.legend.engine.protocol.pure.v1.model.packageableElement.persistence.persister.Persister
org.finos.legend.engine.protocol.pure.v1.model.packageableElement.persistence.persister.StreamingPersister
org.finos.legend.engine.protocol.pure.v1.model.packageableElement.persistence.persister.auditing.Auditing
org.finos.legend.engine.protocol.pure.v1.model.packageableElement.persistence.persister.auditing.DateTimeAuditing
org.finos.legend.engine.protocol.pure.v1.model.packageableElement.persistence.persister.auditing.NoAuditing
org.finos.legend.engine.protocol.pure.v1.model.packageableElement.persistence.persister.deduplication.AnyVersionDeduplicationStrategy
org.finos.legend.engine.protocol.pure.v1.model.packageableElement.persistence.persister.deduplication.DeduplicationStrategy
org.finos.legend.engine.protocol.pure.v1.model.packageableElement.persistence.persister.deduplication.DuplicateCountDeduplicationStrategy
org.finos.legend.engine.protocol.pure.v1.model.packageableElement.persistence.persister.deduplication.MaxVersionDeduplicationStrategy
org.finos.legend.engine.protocol.pure.v1.model.packageableElement.persistence.persister.deduplication.NoDeduplicationStrategy
org.finos.legend.engine.protocol.pure.v1.model.packageableElement.persistence.persister.ingestmode.IngestMode
org.finos.legend.engine.protocol.pure.v1.model.packageableElement.persistence.persister.ingestmode.appendonly.AppendOnly
org.finos.legend.engine.protocol.pure.v1.model.packageableElement.persistence.persister.ingestmode.delta.BitemporalDelta
org.finos.legend.engine.protocol.pure.v1.model.packageableElement.persistence.persister.ingestmode.delta.NontemporalDelta
org.finos.legend.engine.protocol.pure.v1.model.packageableElement.persistence.persister.ingestmode.delta.UnitemporalDelta
org.finos.legend.engine.protocol.pure.v1.model.packageableElement.persistence.persister.ingestmode.delta.merge.DeleteIndicatorMergeStrategy
org.finos.legend.engine.protocol.pure.v1.model.packageableElement.persistence.persister.ingestmode.delta.merge.MergeStrategy
org.finos.legend.engine.protocol.pure.v1.model.packageableElement.persistence.persister.ingestmode.delta.merge.NoDeletesMergeStrategy
org.finos.legend.engine.protocol.pure.v1.model.packageableElement.persistence.persister.ingestmode.snapshot.BitemporalSnapshot
org.finos.legend.engine.protocol.pure.v1.model.packageableElement.persistence.persister.ingestmode.snapshot.NontemporalSnapshot
org.finos.legend.engine.protocol.pure.v1.model.packageableElement.persistence.persister.ingestmode.snapshot.UnitemporalSnapshot
org.finos.legend.engine.protocol.pure.v1.model.packageableElement.persistence.persister.sink.ObjectStorageSink
org.finos.legend.engine.protocol.pure.v1.model.packageableElement.persistence.persister.sink.RelationalSink
org.finos.legend.engine.protocol.pure.v1.model.packageableElement.persistence.persister.sink.Sink
org.finos.legend.engine.protocol.pure.v1.model.packageableElement.persistence.persister.targetshape.FlatTarget
org.finos.legend.engine.protocol.pure.v1.model.packageableElement.persistence.persister.targetshape.MultiFlatTarget
org.finos.legend.engine.protocol.pure.v1.model.packageableElement.persistence.persister.targetshape.MultiFlatTargetPart
org.finos.legend.engine.protocol.pure.v1.model.packageableElement.persistence.persister.targetshape.TargetShape
org.finos.legend.engine.protocol.pure.v1.model.packageableElement.persistence.persister.targetshape.TransactionScope
org.finos.legend.engine.protocol.pure.v1.model.packageableElement.persistence.persister.transactionmilestoning.BatchIdAndDateTimeTransactionMilestoning
org.finos.legend.engine.protocol.pure.v1.model.packageableElement.persistence.persister.transactionmilestoning.BatchIdTransactionMilestoning
org.finos.legend.engine.protocol.pure.v1.model.packageableElement.persistence.persister.transactionmilestoning.DateTimeTransactionMilestoning
org.finos.legend.engine.protocol.pure.v1.model.packageableElement.persistence.persister.transactionmilestoning.TransactionMilestoning
org.finos.legend.engine.protocol.pure.v1.model.packageableElement.persistence.persister.transactionmilestoning.derivation.SourceSpecifiesInAndOutDateTime
org.finos.legend.engine.protocol.pure.v1.model.packageableElement.persistence.persister.transactionmilestoning.derivation.SourceSpecifiesInDateTime
org.finos.legend.engine.protocol.pure.v1.model.packageableElement.persistence.persister.transactionmilestoning.derivation.TransactionDerivation
org.finos.legend.engine.protocol.pure.v1.model.packageableElement.persistence.persister.validitymilestoning.DateTimeValidityMilestoning
org.finos.legend.engine.protocol.pure.v1.model.packageableElement.persistence.persister.validitymilestoning.ValidityMilestoning
org.finos.legend.engine.protocol.pure.v1.model.packageableElement.persistence.persister.validitymilestoning.derivation.SourceSpecifiesFromAndThruDateTime
org.finos.legend.engine.protocol.pure.v1.model.packageableElement.persistence.persister.validitymilestoning.derivation.SourceSpecifiesFromDateTime
org.finos.legend.engine.protocol.pure.v1.model.packageableElement.persistence.persister.validitymilestoning.derivation.ValidityDerivation
org.finos.legend.engine.protocol.pure.v1.model.packageableElement.persistence.relational.sink.RelationalPersistenceTarget
org.finos.legend.engine.protocol.pure.v1.model.packageableElement.persistence.relational.temporality.Bitemporal
org.finos.legend.engine.protocol.pure.v1.model.packageableElement.persistence.relational.temporality.Nontemporal
org.finos.legend.engine.protocol.pure.v1.model.packageableElement.persistence.relational.temporality.Temporality
org.finos.legend.engine.protocol.pure.v1.model.packageableElement.persistence.relational.temporality.Unitemporal
org.finos.legend.engine.protocol.pure.v1.model.packageableElement.persistence.relational.temporality.auditing.Auditing
org.finos.legend.engine.protocol.pure.v1.model.packageableElement.persistence.relational.temporality.auditing.AuditingDateTime
org.finos.legend.engine.protocol.pure.v1.model.packageableElement.persistence.relational.temporality.auditing.NoAuditing
org.finos.legend.engine.protocol.pure.v1.model.packageableElement.persistence.relational.temporality.processing.BatchId
org.finos.legend.engine.protocol.pure.v1.model.packageableElement.persistence.relational.temporality.processing.BatchIdAndDateTime
org.finos.legend.engine.protocol.pure.v1.model.packageableElement.persistence.relational.temporality.processing.ProcessingDateTime
org.finos.legend.engine.protocol.pure.v1.model.packageableElement.persistence.relational.temporality.processing.ProcessingDimension
org.finos.legend.engine.protocol.pure.v1.model.packageableElement.persistence.relational.temporality.sourcederived.SourceDerivedDimension
org.finos.legend.engine.protocol.pure.v1.model.packageableElement.persistence.relational.temporality.sourcederived.SourceDerivedTime
org.finos.legend.engine.protocol.pure.v1.model.packageableElement.persistence.relational.temporality.sourcederived.SourceTimeFields
org.finos.legend.engine.protocol.pure.v1.model.packageableElement.persistence.relational.temporality.sourcederived.SourceTimeStart
org.finos.legend.engine.protocol.pure.v1.model.packageableElement.persistence.relational.temporality.sourcederived.SourceTimeStartAndEnd
org.finos.legend.engine.protocol.pure.v1.model.packageableElement.persistence.relational.temporality.updatesHandling.AppendOnly
org.finos.legend.engine.protocol.pure.v1.model.packageableElement.persistence.relational.temporality.updatesHandling.Overwrite
org.finos.legend.engine.protocol.pure.v1.model.packageableElement.persistence.relational.temporality.updatesHandling.UpdatesHandling
org.finos.legend.engine.protocol.pure.v1.model.packageableElement.persistence.relational.temporality.updatesHandling.appendStrategy.AllowDuplicates
org.finos.legend.engine.protocol.pure.v1.model.packageableElement.persistence.relational.temporality.updatesHandling.appendStrategy.AppendStrategy
org.finos.legend.engine.protocol.pure.v1.model.packageableElement.persistence.relational.temporality.updatesHandling.appendStrategy.FailOnDuplicates
org.finos.legend.engine.protocol.pure.v1.model.packageableElement.persistence.relational.temporality.updatesHandling.appendStrategy.FilterDuplicates
org.finos.legend.engine.protocol.pure.v1.model.packageableElement.persistence.service.output.GraphFetchServiceOutput
org.finos.legend.engine.protocol.pure.v1.model.packageableElement.persistence.service.output.ServiceOutput
org.finos.legend.engine.protocol.pure.v1.model.packageableElement.persistence.service.output.ServiceOutputTarget
org.finos.legend.engine.protocol.pure.v1.model.packageableElement.persistence.service.output.TdsServiceOutput
org.finos.legend.engine.protocol.pure.v1.model.packageableElement.persistence.service.parameter.ConnectionValue
org.finos.legend.engine.protocol.pure.v1.model.packageableElement.persistence.service.parameter.PrimitiveTypeValue
org.finos.legend.engine.protocol.pure.v1.model.packageableElement.persistence.service.parameter.ServiceParameter
org.finos.legend.engine.protocol.pure.v1.model.packageableElement.persistence.service.parameter.ServiceParameterValue
org.finos.legend.engine.protocol.pure.v1.model.packageableElement.persistence.sink.PersistenceTarget
org.finos.legend.engine.protocol.pure.v1.model.packageableElement.persistence.test.ConnectionTestData
org.finos.legend.engine.protocol.pure.v1.model.packageableElement.persistence.test.PersistenceTest
org.finos.legend.engine.protocol.pure.v1.model.packageableElement.persistence.test.PersistenceTestBatch
org.finos.legend.engine.protocol.pure.v1.model.packageableElement.persistence.test.TestData
org.finos.legend.engine.protocol.pure.v1.model.packageableElement.persistence.trigger.CronTrigger
org.finos.legend.engine.protocol.pure.v1.model.packageableElement.persistence.trigger.ManualTrigger
org.finos.legend.engine.protocol.pure.v1.model.packageableElement.persistence.trigger.Trigger
org.finos.legend.engine.protocol.pure.v1.model.packageableElement.runtime.ConnectionStores
org.finos.legend.engine.protocol.pure.v1.model.packageableElement.runtime.EngineRuntime
org.finos.legend.engine.protocol.pure.v1.model.packageableElement.runtime.IdentifiedConnection
org.finos.legend.engine.protocol.pure.v1.model.packageableElement.runtime.LegacyRuntime
org.finos.legend.engine.protocol.pure.v1.model.packageableElement.runtime.PackageableRuntime
org.finos.legend.engine.protocol.pure.v1.model.packageableElement.runtime.Runtime
org.finos.legend.engine.protocol.pure.v1.model.packageableElement.runtime.RuntimePointer
org.finos.legend.engine.protocol.pure.v1.model.packageableElement.runtime.SingleConnectionEngineRuntime
org.finos.legend.engine.protocol.pure.v1.model.packageableElement.runtime.StoreConnections
org.finos.legend.engine.protocol.pure.v1.model.packageableElement.section.DefaultCodeSection
org.finos.legend.engine.protocol.pure.v1.model.packageableElement.section.ImportAwareCodeSection
org.finos.legend.engine.protocol.pure.v1.model.packageableElement.section.Section
org.finos.legend.engine.protocol.pure.v1.model.packageableElement.section.SectionIndex
org.finos.legend.engine.protocol.pure.v1.model.packageableElement.service.ConnectionTestData
org.finos.legend.engine.protocol.pure.v1.model.packageableElement.service.DeploymentOwnership
org.finos.legend.engine.protocol.pure.v1.model.packageableElement.service.Execution
org.finos.legend.engine.protocol.pure.v1.model.packageableElement.service.ExecutionEnvironmentInstance
org.finos.legend.engine.protocol.pure.v1.model.packageableElement.service.ExecutionParameters
org.finos.legend.engine.protocol.pure.v1.model.packageableElement.service.KeyedExecutionParameter
org.finos.legend.engine.protocol.pure.v1.model.packageableElement.service.KeyedSingleExecutionTest
org.finos.legend.engine.protocol.pure.v1.model.packageableElement.service.MultiExecutionParameters
org.finos.legend.engine.protocol.pure.v1.model.packageableElement.service.MultiExecutionTest
org.finos.legend.engine.protocol.pure.v1.model.packageableElement.service.Ownership
org.finos.legend.engine.protocol.pure.v1.model.packageableElement.service.PostValidation
org.finos.legend.engine.protocol.pure.v1.model.packageableElement.service.PostValidationAssertion
org.finos.legend.engine.protocol.pure.v1.model.packageableElement.service.PureExecution
org.finos.legend.engine.protocol.pure.v1.model.packageableElement.service.PureMultiExecution
org.finos.legend.engine.protocol.pure.v1.model.packageableElement.service.PureSingleExecution
org.finos.legend.engine.protocol.pure.v1.model.packageableElement.service.RuntimeComponents
org.finos.legend.engine.protocol.pure.v1.model.packageableElement.service.Service
org.finos.legend.engine.protocol.pure.v1.model.packageableElement.service.ServiceTag
org.finos.legend.engine.protocol.pure.v1.model.packageableElement.service.ServiceTest
org.finos.legend.engine.protocol.pure.v1.model.packageableElement.service.ServiceTestSuite
org.finos.legend.engine.protocol.pure.v1.model.packageableElement.service.ServiceTest_Legacy
org.finos.legend.engine.protocol.pure.v1.model.packageableElement.service.SingleExecutionParameters
org.finos.legend.engine.protocol.pure.v1.model.packageableElement.service.SingleExecutionTest
org.finos.legend.engine.protocol.pure.v1.model.packageableElement.service.TestContainer
org.finos.legend.engine.protocol.pure.v1.model.packageableElement.service.TestData
org.finos.legend.engine.protocol.pure.v1.model.packageableElement.service.UserListOwnership
org.finos.legend.engine.protocol.pure.v1.model.packageableElement.store.IncludeStore
org.finos.legend.engine.protocol.pure.v1.model.packageableElement.store.Store
org.finos.legend.engine.protocol.pure.v1.model.packageableElement.store.StoreProviderPointer
org.finos.legend.engine.protocol.pure.v1.model.packageableElement.store.modelToModel.connection.JsonModelConnection
org.finos.legend.engine.protocol.pure.v1.model.packageableElement.store.modelToModel.connection.ModelChainConnection
org.finos.legend.engine.protocol.pure.v1.model.packageableElement.store.modelToModel.connection.ModelConnection
org.finos.legend.engine.protocol.pure.v1.model.packageableElement.store.modelToModel.connection.ModelInput
org.finos.legend.engine.protocol.pure.v1.model.packageableElement.store.modelToModel.connection.ModelStringInput
org.finos.legend.engine.protocol.pure.v1.model.packageableElement.store.modelToModel.connection.PureModelConnection
org.finos.legend.engine.protocol.pure.v1.model.packageableElement.store.modelToModel.connection.XmlModelConnection
org.finos.legend.engine.protocol.pure.v1.model.packageableElement.store.modelToModel.mapping.ObjectInputData
org.finos.legend.engine.protocol.pure.v1.model.packageableElement.store.modelToModel.mapping.ObjectInputType
org.finos.legend.engine.protocol.pure.v1.model.packageableElement.store.modelToModel.mapping.PureInstanceClassMapping
org.finos.legend.engine.protocol.pure.v1.model.packageableElement.store.modelToModel.mapping.PurePropertyMapping
org.finos.legend.engine.protocol.pure.v1.model.packageableElement.store.relational.connection.DatabaseConnection
org.finos.legend.engine.protocol.pure.v1.model.packageableElement.store.relational.connection.DatabaseType
org.finos.legend.engine.protocol.pure.v1.model.packageableElement.store.relational.connection.GenerationFeaturesConfig
org.finos.legend.engine.protocol.pure.v1.model.packageableElement.store.relational.connection.RelationalDatabaseConnection
org.finos.legend.engine.protocol.pure.v1.model.packageableElement.store.relational.connection.RelationalQueryGenerationConfig
org.finos.legend.engine.protocol.pure.v1.model.packageableElement.store.relational.connection.authentication.ApiTokenAuthenticationStrategy
org.finos.legend.engine.protocol.pure.v1.model.packageableElement.store.relational.connection.authentication.AuthenticationStrategy
org.finos.legend.engine.protocol.pure.v1.model.packageableElement.store.relational.connection.authentication.DefaultH2AuthenticationStrategy
org.finos.legend.engine.protocol.pure.v1.model.packageableElement.store.relational.connection.authentication.DelegatedKerberosAuthenticationStrategy
org.finos.legend.engine.protocol.pure.v1.model.packageableElement.store.relational.connection.authentication.GCPApplicationDefaultCredentialsAuthenticationStrategy
org.finos.legend.engine.protocol.pure.v1.model.packageableElement.store.relational.connection.authentication.GCPWorkloadIdentityFederationAuthenticationStrategy
org.finos.legend.engine.protocol.pure.v1.model.packageableElement.store.relational.connection.authentication.MiddleTierUserNamePasswordAuthenticationStrategy
org.finos.legend.engine.protocol.pure.v1.model.packageableElement.store.relational.connection.authentication.OAuthAuthenticationStrategy
org.finos.legend.engine.protocol.pure.v1.model.packageableElement.store.relational.connection.authentication.SnowflakePublicAuthenticationStrategy
org.finos.legend.engine.protocol.pure.v1.model.packageableElement.store.relational.connection.authentication.TestDatabaseAuthenticationStrategy
org.finos.legend.engine.protocol.pure.v1.model.packageableElement.store.relational.connection.authentication.TrinoDelegatedKerberosAuthenticationStrategy
org.finos.legend.engine.protocol.pure.v1.model.packageableElement.store.relational.connection.authentication.UserNamePasswordAuthenticationStrategy
org.finos.legend.engine.protocol.pure.v1.model.packageableElement.store.relational.connection.legacy.PostProcessorParameter
org.finos.legend.engine.protocol.pure.v1.model.packageableElement.store.relational.connection.legacy.PostProcessorWithParameter
org.finos.legend.engine.protocol.pure.v1.model.packageableElement.store.relational.connection.postprocessor.ExtractSubQueriesAsCTEsPostProcessor
org.finos.legend.engine.protocol.pure.v1.model.packageableElement.store.relational.connection.postprocessor.Mapper
org.finos.legend.engine.protocol.pure.v1.model.packageableElement.store.relational.connection.postprocessor.MapperPostProcessor
org.finos.legend.engine.protocol.pure.v1.model.packageableElement.store.relational.connection.postprocessor.PostProcessor
org.finos.legend.engine.protocol.pure.v1.model.packageableElement.store.relational.connection.postprocessor.RelationalMapperPostProcessor
org.finos.legend.engine.protocol.pure.v1.model.packageableElement.store.relational.connection.postprocessor.SchemaNameMapper
org.finos.legend.engine.protocol.pure.v1.model.packageableElement.store.relational.connection.postprocessor.TableNameMapper
org.finos.legend.engine.protocol.pure.v1.model.packageableElement.store.relational.connection.specification.AthenaDatasourceSpecification
org.finos.legend.engine.protocol.pure.v1.model.packageableElement.store.relational.connection.specification.AuroraDatasourceSpecification
org.finos.legend.engine.protocol.pure.v1.model.packageableElement.store.relational.connection.specification.BigQueryDatasourceSpecification
org.finos.legend.engine.protocol.pure.v1.model.packageableElement.store.relational.connection.specification.DatabricksDatasourceSpecification
org.finos.legend.engine.protocol.pure.v1.model.packageableElement.store.relational.connection.specification.DatasourceSpecification
org.finos.legend.engine.protocol.pure.v1.model.packageableElement.store.relational.connection.specification.DuckDBDatasourceSpecification
org.finos.legend.engine.protocol.pure.v1.model.packageableElement.store.relational.connection.specification.EmbeddedH2DatasourceSpecification
org.finos.legend.engine.protocol.pure.v1.model.packageableElement.store.relational.connection.specification.GlobalAuroraDatasourceSpecification
org.finos.legend.engine.protocol.pure.v1.model.packageableElement.store.relational.connection.specification.LocalH2DatasourceSpecification
org.finos.legend.engine.protocol.pure.v1.model.packageableElement.store.relational.connection.specification.MemSqlDatasourceSpecification
org.finos.legend.engine.protocol.pure.v1.model.packageableElement.store.relational.connection.specification.OracleDatasourceSpecification
org.finos.legend.engine.protocol.pure.v1.model.packageableElement.store.relational.connection.specification.RedshiftDatasourceSpecification
org.finos.legend.engine.protocol.pure.v1.model.packageableElement.store.relational.connection.specification.SnowflakeDatasourceSpecification
org.finos.legend.engine.protocol.pure.v1.model.packageableElement.store.relational.connection.specification.SpannerDatasourceSpecification
org.finos.legend.engine.protocol.pure.v1.model.packageableElement.store.relational.connection.specification.StaticDatasourceSpecification
org.finos.legend.engine.protocol.pure.v1.model.packageableElement.store.relational.connection.specification.TrinoDatasourceSpecification
org.finos.legend.engine.protocol.pure.v1.model.packageableElement.store.relational.connection.specification.TrinoSSLSpecification
org.finos.legend.engine.protocol.pure.v1.model.packageableElement.store.relational.data.RelationalCSVData
org.finos.legend.engine.protocol.pure.v1.model.packageableElement.store.relational.data.RelationalCSVTable
org.finos.legend.engine.protocol.pure.v1.model.packageableElement.store.relational.mapping.EmbeddedRelationalPropertyMapping
org.finos.legend.engine.protocol.pure.v1.model.packageableElement.store.relational.mapping.FilterMapping
org.finos.legend.engine.protocol.pure.v1.model.packageableElement.store.relational.mapping.FilterPointer
org.finos.legend.engine.protocol.pure.v1.model.packageableElement.store.relational.mapping.InlineEmbeddedPropertyMapping
org.finos.legend.engine.protocol.pure.v1.model.packageableElement.store.relational.mapping.OtherwiseEmbeddedRelationalPropertyMapping
org.finos.legend.engine.protocol.pure.v1.model.packageableElement.store.relational.mapping.RelationalAssociationMapping
org.finos.legend.engine.protocol.pure.v1.model.packageableElement.store.relational.mapping.RelationalClassMapping
org.finos.legend.engine.protocol.pure.v1.model.packageableElement.store.relational.mapping.RelationalPropertyMapping
org.finos.legend.engine.protocol.pure.v1.model.packageableElement.store.relational.mapping.RootRelationalClassMapping
org.finos.legend.engine.protocol.pure.v1.model.packageableElement.store.relational.mapping.TablePtr
org.finos.legend.engine.protocol.pure.v1.model.packageableElement.store.relational.mapping.mappingTest.RelationalInputData
org.finos.legend.engine.protocol.pure.v1.model.packageableElement.store.relational.mapping.mappingTest.RelationalInputType
org.finos.legend.engine.protocol.pure.v1.model.packageableElement.store.relational.model.Column
org.finos.legend.engine.protocol.pure.v1.model.packageableElement.store.relational.model.ColumnMapping
org.finos.legend.engine.protocol.pure.v1.model.packageableElement.store.relational.model.Database
org.finos.legend.engine.protocol.pure.v1.model.packageableElement.store.relational.model.Filter
org.finos.legend.engine.protocol.pure.v1.model.packageableElement.store.relational.model.Join
org.finos.legend.engine.protocol.pure.v1.model.packageableElement.store.relational.model.Schema
org.finos.legend.engine.protocol.pure.v1.model.packageableElement.store.relational.model.Table
org.finos.legend.engine.protocol.pure.v1.model.packageableElement.store.relational.model.TabularFunction
org.finos.legend.engine.protocol.pure.v1.model.packageableElement.store.relational.model.View
org.finos.legend.engine.protocol.pure.v1.model.packageableElement.store.relational.model.datatype.BigInt
org.finos.legend.engine.protocol.pure.v1.model.packageableElement.store.relational.model.datatype.Binary
org.finos.legend.engine.protocol.pure.v1.model.packageableElement.store.relational.model.datatype.Bit
org.finos.legend.engine.protocol.pure.v1.model.packageableElement.store.relational.model.datatype.Char
org.finos.legend.engine.protocol.pure.v1.model.packageableElement.store.relational.model.datatype.DataType
org.finos.legend.engine.protocol.pure.v1.model.packageableElement.store.relational.model.datatype.Date
org.finos.legend.engine.protocol.pure.v1.model.packageableElement.store.relational.model.datatype.Decimal
org.finos.legend.engine.protocol.pure.v1.model.packageableElement.store.relational.model.datatype.Double
org.finos.legend.engine.protocol.pure.v1.model.packageableElement.store.relational.model.datatype.Float
org.finos.legend.engine.protocol.pure.v1.model.packageableElement.store.relational.model.datatype.Integer
org.finos.legend.engine.protocol.pure.v1.model.packageableElement.store.relational.model.datatype.Json
org.finos.legend.engine.protocol.pure.v1.model.packageableElement.store.relational.model.datatype.Numeric
org.finos.legend.engine.protocol.pure.v1.model.packageableElement.store.relational.model.datatype.Other
org.finos.legend.engine.protocol.pure.v1.model.packageableElement.store.relational.model.datatype.Real
org.finos.legend.engine.protocol.pure.v1.model.packageableElement.store.relational.model.datatype.SemiStructured
org.finos.legend.engine.protocol.pure.v1.model.packageableElement.store.relational.model.datatype.SmallInt
org.finos.legend.engine.protocol.pure.v1.model.packageableElement.store.relational.model.datatype.Timestamp
org.finos.legend.engine.protocol.pure.v1.model.packageableElement.store.relational.model.datatype.TinyInt
org.finos.legend.engine.protocol.pure.v1.model.packageableElement.store.relational.model.datatype.VarChar
org.finos.legend.engine.protocol.pure.v1.model.packageableElement.store.relational.model.datatype.Varbinary
org.finos.legend.engine.protocol.pure.v1.model.packageableElement.store.relational.model.milestoning.BusinessMilestoning
org.finos.legend.engine.protocol.pure.v1.model.packageableElement.store.relational.model.milestoning.BusinessSnapshotMilestoning
org.finos.legend.engine.protocol.pure.v1.model.packageableElement.store.relational.model.milestoning.Milestoning
org.finos.legend.engine.protocol.pure.v1.model.packageableElement.store.relational.model.milestoning.ProcessingMilestoning
org.finos.legend.engine.protocol.pure.v1.model.packageableElement.store.relational.model.milestoning.ProcessingSnapshotMilestoning
org.finos.legend.engine.protocol.pure.v1.model.packageableElement.store.relational.model.operation.DynaFunc
org.finos.legend.engine.protocol.pure.v1.model.packageableElement.store.relational.model.operation.ElementWithJoins
org.finos.legend.engine.protocol.pure.v1.model.packageableElement.store.relational.model.operation.JoinPointer
org.finos.legend.engine.protocol.pure.v1.model.packageableElement.store.relational.model.operation.LambdaParameter
org.finos.legend.engine.protocol.pure.v1.model.packageableElement.store.relational.model.operation.Literal
org.finos.legend.engine.protocol.pure.v1.model.packageableElement.store.relational.model.operation.LiteralList
org.finos.legend.engine.protocol.pure.v1.model.packageableElement.store.relational.model.operation.RelationalLambda
org.finos.legend.engine.protocol.pure.v1.model.packageableElement.store.relational.model.operation.RelationalOperationElement
org.finos.legend.engine.protocol.pure.v1.model.packageableElement.store.relational.model.operation.TableAliasColumn
org.finos.legend.engine.protocol.pure.v1.model.packageableElement.store.service.connection.ServiceStoreConnection
org.finos.legend.engine.protocol.pure.v1.model.packageableElement.store.service.mapping.LocalMappingProperty
org.finos.legend.engine.protocol.pure.v1.model.packageableElement.store.service.mapping.RootServiceStoreClassMapping
org.finos.legend.engine.protocol.pure.v1.model.packageableElement.store.service.mapping.ServiceMapping
org.finos.legend.engine.protocol.pure.v1.model.packageableElement.store.service.mapping.ServiceRequestBodyBuildInfo
org.finos.legend.engine.protocol.pure.v1.model.packageableElement.store.service.mapping.ServiceRequestBuildInfo
org.finos.legend.engine.protocol.pure.v1.model.packageableElement.store.service.mapping.ServiceRequestParameterBuildInfo
org.finos.legend.engine.protocol.pure.v1.model.packageableElement.store.service.mapping.ServiceRequestParametersBuildInfo
org.finos.legend.engine.protocol.pure.v1.model.packageableElement.store.service.model.ApiKeySecurityScheme
org.finos.legend.engine.protocol.pure.v1.model.packageableElement.store.service.model.ApiKeySecurityScheme$Location
org.finos.legend.engine.protocol.pure.v1.model.packageableElement.store.service.model.BooleanTypeReference
org.finos.legend.engine.protocol.pure.v1.model.packageableElement.store.service.model.ComplexTypeReference
org.finos.legend.engine.protocol.pure.v1.model.packageableElement.store.service.model.FloatTypeReference
org.finos.legend.engine.protocol.pure.v1.model.packageableElement.store.service.model.HttpMethod
org.finos.legend.engine.protocol.pure.v1.model.packageableElement.store.service.model.HttpSecurityScheme
org.finos.legend.engine.protocol.pure.v1.model.packageableElement.store.service.model.HttpSecurityScheme$Scheme
org.finos.legend.engine.protocol.pure.v1.model.packageableElement.store.service.model.IntegerTypeReference
org.finos.legend.engine.protocol.pure.v1.model.packageableElement.store.service.model.Location
org.finos.legend.engine.protocol.pure.v1.model.packageableElement.store.service.model.SecurityScheme
org.finos.legend.engine.protocol.pure.v1.model.packageableElement.store.service.model.SecuritySchemeRequirement
org.finos.legend.engine.protocol.pure.v1.model.packageableElement.store.service.model.SerializationFormat
org.finos.legend.engine.protocol.pure.v1.model.packageableElement.store.service.model.Service
org.finos.legend.engine.protocol.pure.v1.model.packageableElement.store.service.model.ServiceGroup
org.finos.legend.engine.protocol.pure.v1.model.packageableElement.store.service.model.ServiceGroupPtr
org.finos.legend.engine.protocol.pure.v1.model.packageableElement.store.service.model.ServiceParameter
org.finos.legend.engine.protocol.pure.v1.model.packageableElement.store.service.model.ServicePtr
org.finos.legend.engine.protocol.pure.v1.model.packageableElement.store.service.model.ServiceStore
org.finos.legend.engine.protocol.pure.v1.model.packageableElement.store.service.model.ServiceStoreElement
org.finos.legend.engine.protocol.pure.v1.model.packageableElement.store.service.model.SingleSecuritySchemeRequirement
org.finos.legend.engine.protocol.pure.v1.model.packageableElement.store.service.model.StringTypeReference
org.finos.legend.engine.protocol.pure.v1.model.packageableElement.store.service.model.TypeReference
org.finos.legend.engine.protocol.pure.v1.model.packageableElement.text.Text
org.finos.legend.engine.protocol.pure.v1.model.test.AtomicTest
org.finos.legend.engine.protocol.pure.v1.model.test.Test
org.finos.legend.engine.protocol.pure.v1.model.test.TestSuite
org.finos.legend.engine.protocol.pure.v1.model.test.assertion.EqualTo
org.finos.legend.engine.protocol.pure.v1.model.test.assertion.EqualToJson
org.finos.legend.engine.protocol.pure.v1.model.test.assertion.EqualToRelation
org.finos.legend.engine.protocol.pure.v1.model.test.assertion.TestAssertion
org.finos.legend.engine.protocol.pure.v1.model.valueSpecification.ClassInstanceWrapper
org.finos.legend.engine.protocol.pure.v1.model.valueSpecification.DatabaseInstance
org.finos.legend.engine.protocol.pure.v1.model.valueSpecification.deprecated.AppliedQualifiedProperty
org.finos.legend.engine.protocol.pure.v1.model.valueSpecification.deprecated.Class
org.finos.legend.engine.protocol.pure.v1.model.valueSpecification.deprecated.Enum
org.finos.legend.engine.protocol.pure.v1.model.valueSpecification.deprecated.HackedClass
org.finos.legend.engine.protocol.pure.v1.model.valueSpecification.deprecated.HackedUnit
org.finos.legend.engine.protocol.pure.v1.model.valueSpecification.deprecated.MappingInstance
org.finos.legend.engine.protocol.pure.v1.model.valueSpecification.deprecated.PrimitiveType
org.finos.legend.engine.protocol.pure.v1.model.valueSpecification.deprecated.UnknownAppliedFunction
org.finos.legend.engine.protocol.pure.v1.model.valueSpecification.deprecated.Whatever
org.finos.legend.engine.protocol.pure.v1.model.valueSpecification.raw.CoreClassInstances
org.finos.legend.engine.protocol.pure.v1.model.valueSpecification.raw.KeyExpression
org.finos.legend.engine.protocol.pure.v1.model.valueSpecification.raw.UnitType
org.finos.legend.engine.protocol.snowflake.snowflakeApp.metamodel.SnowflakeApp
org.finos.legend.engine.protocol.snowflake.snowflakeApp.metamodel.SnowflakeAppDeploymentConfiguration
org.finos.legend.engine.protocol.snowflake.snowflakeApp.metamodel.SnowflakePermissionScheme
org.finos.legend.engine.protocol.snowflake.snowflakeM2MUdf.metamodel.SnowflakeM2MUdf
org.finos.legend.engine.protocol.snowflake.snowflakeM2MUdf.metamodel.SnowflakeM2MUdfDeploymentConfiguration
org.finos.legend.engine.protocol.store.elasticsearch.v7.metamodel.runtime.Elasticsearch7StoreConnection
org.finos.legend.engine.protocol.store.elasticsearch.v7.metamodel.runtime.Elasticsearch7StoreURLSourceSpecification
org.finos.legend.engine.protocol.store.elasticsearch.v7.metamodel.store.Elasticsearch7Store
org.finos.legend.engine.protocol.store.elasticsearch.v7.metamodel.store.Elasticsearch7StoreIndex
org.finos.legend.engine.protocol.store.elasticsearch.v7.metamodel.store.Elasticsearch7StoreIndexProperty
org.finos.legend.engine.protocol.store.elasticsearch.v7.specification.LiteralOrExpression
org.finos.legend.engine.protocol.store.elasticsearch.v7.specification.indices.types.FielddataFrequencyFilter
org.finos.legend.engine.protocol.store.elasticsearch.v7.specification.indices.types.NumericFielddata
org.finos.legend.engine.protocol.store.elasticsearch.v7.specification.indices.types.NumericFielddataFormat
org.finos.legend.engine.protocol.store.elasticsearch.v7.specification.types.BuiltinScriptLanguage
org.finos.legend.engine.protocol.store.elasticsearch.v7.specification.types.FieldValue
org.finos.legend.engine.protocol.store.elasticsearch.v7.specification.types.GeoHashLocation
org.finos.legend.engine.protocol.store.elasticsearch.v7.specification.types.GeoLocation
org.finos.legend.engine.protocol.store.elasticsearch.v7.specification.types.InlineScript
org.finos.legend.engine.protocol.store.elasticsearch.v7.specification.types.LatLonGeoLocation
org.finos.legend.engine.protocol.store.elasticsearch.v7.specification.types.Script
org.finos.legend.engine.protocol.store.elasticsearch.v7.specification.types.ScriptBase
org.finos.legend.engine.protocol.store.elasticsearch.v7.specification.types.ScriptLanguage
org.finos.legend.engine.protocol.store.elasticsearch.v7.specification.types.StoredScriptId
org.finos.legend.engine.protocol.store.elasticsearch.v7.specification.types.mapping.AggregateMetricDoubleProperty
org.finos.legend.engine.protocol.store.elasticsearch.v7.specification.types.mapping.BinaryProperty
org.finos.legend.engine.protocol.store.elasticsearch.v7.specification.types.mapping.BooleanProperty
org.finos.legend.engine.protocol.store.elasticsearch.v7.specification.types.mapping.ByteNumberProperty
org.finos.legend.engine.protocol.store.elasticsearch.v7.specification.types.mapping.CompletionProperty
org.finos.legend.engine.protocol.store.elasticsearch.v7.specification.types.mapping.ConstantKeywordProperty
org.finos.legend.engine.protocol.store.elasticsearch.v7.specification.types.mapping.CorePropertyBase
org.finos.legend.engine.protocol.store.elasticsearch.v7.specification.types.mapping.DateNanosProperty
org.finos.legend.engine.protocol.store.elasticsearch.v7.specification.types.mapping.DateProperty
org.finos.legend.engine.protocol.store.elasticsearch.v7.specification.types.mapping.DateRangeProperty
org.finos.legend.engine.protocol.store.elasticsearch.v7.specification.types.mapping.DenseVectorIndexOptions
org.finos.legend.engine.protocol.store.elasticsearch.v7.specification.types.mapping.DenseVectorProperty
org.finos.legend.engine.protocol.store.elasticsearch.v7.specification.types.mapping.DocValuesPropertyBase
org.finos.legend.engine.protocol.store.elasticsearch.v7.specification.types.mapping.DoubleNumberProperty
org.finos.legend.engine.protocol.store.elasticsearch.v7.specification.types.mapping.DoubleRangeProperty
org.finos.legend.engine.protocol.store.elasticsearch.v7.specification.types.mapping.DynamicMapping
org.finos.legend.engine.protocol.store.elasticsearch.v7.specification.types.mapping.DynamicProperty
org.finos.legend.engine.protocol.store.elasticsearch.v7.specification.types.mapping.FieldAliasProperty
org.finos.legend.engine.protocol.store.elasticsearch.v7.specification.types.mapping.FlattenedProperty
org.finos.legend.engine.protocol.store.elasticsearch.v7.specification.types.mapping.FloatNumberProperty
org.finos.legend.engine.protocol.store.elasticsearch.v7.specification.types.mapping.FloatRangeProperty
org.finos.legend.engine.protocol.store.elasticsearch.v7.specification.types.mapping.GeoOrientation
org.finos.legend.engine.protocol.store.elasticsearch.v7.specification.types.mapping.GeoPointProperty
org.finos.legend.engine.protocol.store.elasticsearch.v7.specification.types.mapping.GeoShapeProperty
org.finos.legend.engine.protocol.store.elasticsearch.v7.specification.types.mapping.GeoStrategy
org.finos.legend.engine.protocol.store.elasticsearch.v7.specification.types.mapping.HalfFloatNumberProperty
org.finos.legend.engine.protocol.store.elasticsearch.v7.specification.types.mapping.HistogramProperty
org.finos.legend.engine.protocol.store.elasticsearch.v7.specification.types.mapping.IndexOptions
org.finos.legend.engine.protocol.store.elasticsearch.v7.specification.types.mapping.IntegerNumberProperty
org.finos.legend.engine.protocol.store.elasticsearch.v7.specification.types.mapping.IntegerRangeProperty
org.finos.legend.engine.protocol.store.elasticsearch.v7.specification.types.mapping.IpProperty
org.finos.legend.engine.protocol.store.elasticsearch.v7.specification.types.mapping.IpRangeProperty
org.finos.legend.engine.protocol.store.elasticsearch.v7.specification.types.mapping.JoinProperty
org.finos.legend.engine.protocol.store.elasticsearch.v7.specification.types.mapping.KeywordProperty
org.finos.legend.engine.protocol.store.elasticsearch.v7.specification.types.mapping.LongNumberProperty
org.finos.legend.engine.protocol.store.elasticsearch.v7.specification.types.mapping.LongRangeProperty
org.finos.legend.engine.protocol.store.elasticsearch.v7.specification.types.mapping.MatchOnlyTextProperty
org.finos.legend.engine.protocol.store.elasticsearch.v7.specification.types.mapping.Murmur3HashProperty
org.finos.legend.engine.protocol.store.elasticsearch.v7.specification.types.mapping.NestedProperty
org.finos.legend.engine.protocol.store.elasticsearch.v7.specification.types.mapping.NumberPropertyBase
org.finos.legend.engine.protocol.store.elasticsearch.v7.specification.types.mapping.ObjectProperty
org.finos.legend.engine.protocol.store.elasticsearch.v7.specification.types.mapping.OnScriptError
org.finos.legend.engine.protocol.store.elasticsearch.v7.specification.types.mapping.PercolatorProperty
org.finos.legend.engine.protocol.store.elasticsearch.v7.specification.types.mapping.PointProperty
org.finos.legend.engine.protocol.store.elasticsearch.v7.specification.types.mapping.Property
org.finos.legend.engine.protocol.store.elasticsearch.v7.specification.types.mapping.PropertyBase
org.finos.legend.engine.protocol.store.elasticsearch.v7.specification.types.mapping.RangePropertyBase
org.finos.legend.engine.protocol.store.elasticsearch.v7.specification.types.mapping.RankFeatureProperty
org.finos.legend.engine.protocol.store.elasticsearch.v7.specification.types.mapping.RankFeaturesProperty
org.finos.legend.engine.protocol.store.elasticsearch.v7.specification.types.mapping.ScaledFloatNumberProperty
org.finos.legend.engine.protocol.store.elasticsearch.v7.specification.types.mapping.SearchAsYouTypeProperty
org.finos.legend.engine.protocol.store.elasticsearch.v7.specification.types.mapping.ShapeProperty
org.finos.legend.engine.protocol.store.elasticsearch.v7.specification.types.mapping.ShortNumberProperty
org.finos.legend.engine.protocol.store.elasticsearch.v7.specification.types.mapping.StandardNumberProperty
org.finos.legend.engine.protocol.store.elasticsearch.v7.specification.types.mapping.SuggestContext
org.finos.legend.engine.protocol.store.elasticsearch.v7.specification.types.mapping.TermVectorOption
org.finos.legend.engine.protocol.store.elasticsearch.v7.specification.types.mapping.TextIndexPrefixes
org.finos.legend.engine.protocol.store.elasticsearch.v7.specification.types.mapping.TextProperty
org.finos.legend.engine.protocol.store.elasticsearch.v7.specification.types.mapping.TokenCountProperty
org.finos.legend.engine.protocol.store.elasticsearch.v7.specification.types.mapping.UnsignedLongNumberProperty
org.finos.legend.engine.protocol.store.elasticsearch.v7.specification.types.mapping.VersionProperty
org.finos.legend.engine.protocol.store.elasticsearch.v7.specification.types.mapping.WildcardProperty
