name	system versions	upstream versions	upstream version id	twin of a system version	file
meta::pure::mapping::_classMappingByClass	1	1	meta::pure::mapping::_classMappingByClass_Mapping_1__Class_1__SetImplementation_MANY_	true	platform_dsl_mapping:platform_dsl_mapping/functions_Mapping.pure
meta::pure::mapping::rootClassMappingByClass	1	1	meta::pure::mapping::rootClassMappingByClass_Mapping_1__Class_1__SetImplementation_$0_1$_	true	platform_dsl_mapping:platform_dsl_mapping/functions_Mapping.pure
meta::pure::mapping::enumerationMappingByName	1	1	meta::pure::mapping::enumerationMappingByName_Mapping_1__String_1__EnumerationMapping_$0_1$_	true	platform_dsl_mapping:platform_dsl_mapping/functions_Mapping.pure
meta::pure::mapping::toDomainValue	1	1	meta::pure::mapping::toDomainValue_EnumerationMapping_1__Any_1__Any_1_	true	platform_dsl_mapping:platform_dsl_mapping/functions_EnumerationMapping.pure
meta::relational::metamodel::schema	1	1	meta::relational::metamodel::schema_Database_1__String_1__Schema_$0_1$_	true	platform_store_relational:platform_store_relational/functions.pure
meta::relational::metamodel::table	1	1	meta::relational::metamodel::table_Schema_1__String_1__Table_$0_1$_	true	platform_store_relational:platform_store_relational/functions.pure
meta::relational::metamodel::view	1	1	meta::relational::metamodel::view_Schema_1__String_1__View_$0_1$_	true	platform_store_relational:platform_store_relational/functions.pure
meta::relational::metamodel::column	1	1	meta::relational::metamodel::column_Table_1__String_1__Column_$0_1$_	true	platform_store_relational:platform_store_relational/functions.pure
meta::relational::metamodel::children	1	1	meta::relational::metamodel::children_RelationalTreeNode_1__JoinTreeNode_MANY_	true	platform_store_relational:platform_store_relational/functions.pure
meta::relational::metamodel::childByJoinName	1	1	meta::relational::metamodel::childByJoinName_RelationalTreeNode_1__String_1__JoinTreeNode_$0_1$_	true	platform_store_relational:platform_store_relational/functions.pure
meta::pure::mapping::allPropertyMappings	1	1	meta::pure::mapping::allPropertyMappings_PropertyMappingsImplementation_1__PropertyMapping_MANY_	true	platform_dsl_mapping:platform_dsl_mapping/functions_PropertyMappingsImplementation.pure
meta::pure::mapping::_propertyMappingsByPropertyName	1	1	meta::pure::mapping::_propertyMappingsByPropertyName_PropertyMappingsImplementation_1__String_1__PropertyMapping_MANY_	true	platform_dsl_mapping:platform_dsl_mapping/functions_PropertyMappingsImplementation.pure
meta::pure::mapping::propertyMappingsByPropertyName	2	5	meta::pure::mapping::propertyMappingsByPropertyName_PropertyMappingsImplementation_1__String_1__PropertyMapping_MANY_	true	platform_dsl_mapping:platform_dsl_mapping/functions_PropertyMappingsImplementation.pure
meta::pure::mapping::propertyMappingsByPropertyName	2	5	meta::pure::mapping::propertyMappingsByPropertyName_InstanceSetImplementation_1__String_1__PropertyMapping_MANY_	true	platform_dsl_mapping:platform_dsl_mapping/functions_PropertyMappingsImplementation.pure
meta::pure::mapping::propertyMappingsByPropertyName	2	5	meta::pure::mapping::propertyMappingsByPropertyName_OtherwiseEmbeddedSetImplementation_1__String_1__PropertyMapping_MANY_	false	platform_dsl_mapping:platform_dsl_mapping/functions_PropertyMappingsImplementation.pure
meta::pure::mapping::propertyMappingsByPropertyName	2	5	meta::pure::mapping::propertyMappingsByPropertyName_AggregationAwareSetImplementation_1__String_1__PropertyMapping_MANY_	false	platform_dsl_mapping:platform_dsl_mapping/functions_PropertyMappingsImplementation.pure
meta::pure::mapping::propertyMappingsByPropertyName	2	5	meta::pure::mapping::propertyMappingsByPropertyName_EmbeddedSetImplementation_1__String_1__PropertyMapping_MANY_	false	platform_dsl_mapping:platform_dsl_mapping/functions_PropertyMappingsImplementation.pure
meta::relational::functions::typeInference::inferRelationalType	1	4	meta::relational::functions::typeInference::inferRelationalType_RelationalOperationElement_1__DataType_$0_1$_	true	core_relational:core_relational/relational/relationalExtension.pure
meta::relational::functions::typeInference::inferRelationalType	1	4	meta::relational::functions::typeInference::inferRelationalType_RelationalOperationElement_1__TranslationContext_1__DataType_$0_1$_	false	core_relational:core_relational/relational/relationalExtension.pure
meta::relational::functions::typeInference::inferRelationalType	1	4	meta::relational::functions::typeInference::inferRelationalType_RelationalOperationElement_1__Boolean_1__TranslationContext_1__DataType_$0_1$_	false	core_relational:core_relational/relational/relationalExtension.pure
meta::relational::functions::typeInference::inferRelationalType	1	4	meta::relational::functions::typeInference::inferRelationalType_RelationalOperationElement_1__Boolean_1__DataType_$0_1$_	false	core_relational:core_relational/relational/relationalExtension.pure
meta::relational::metamodel::datatype::dataTypeToSqlText	1	1	meta::relational::metamodel::datatype::dataTypeToSqlText_DataType_1__String_1_	true	platform_store_relational:platform_store_relational/functions.pure
meta::pure::executionPlan::allNodes	1	1	meta::pure::executionPlan::allNodes_ExecutionNode_1__Extension_MANY__ExecutionNode_MANY_	true	core:core/pure/executionPlan/executionPlan_execution.pure
meta::pure::functions::meta::getLowerBound	1	1	meta::pure::functions::meta::getLowerBound_Multiplicity_1__Integer_1_	true	platform:pure/essential/meta/multiplicity/getLowerBound.pure
meta::relational::functions::pureToSqlQuery::expressionSequenceReturnsAtLeastToOneDataType	1	1	meta::relational::functions::pureToSqlQuery::expressionSequenceReturnsAtLeastToOneDataType_ValueSpecification_1__Boolean_1_	true	core_relational:core_relational/relational/pureToSQLQuery/pureToSQLQuery.pure
meta::relational::mapping::inferPrimaryKeyColumnNames	1	1	meta::relational::mapping::inferPrimaryKeyColumnNames_ValueSpecification_1__String_MANY_	true	core_relational:core_relational/relational/helperFunctions/helperFunctions.pure
meta::pure::lineage::scanRelations::relationTreeAsString	2	4	meta::pure::lineage::scanRelations::relationTreeAsString_RelationTree_1__String_1_	true	core_relational:core_relational/relational/lineage/scanRelations/scanRelations.pure
meta::pure::lineage::scanRelations::relationTreeAsString	2	4	meta::pure::lineage::scanRelations::relationTreeAsString_RelationTree_1__String_1__String_1_	false	core_relational:core_relational/relational/lineage/scanRelations/scanRelations.pure
meta::pure::lineage::scanRelations::relationTreeAsString	2	4	meta::pure::lineage::scanRelations::relationTreeAsString_RelationTree_1__Boolean_1__String_1_	true	core_relational:core_relational/relational/lineage/scanRelations/scanRelations.pure
meta::pure::lineage::scanRelations::relationTreeAsString	2	4	meta::pure::lineage::scanRelations::relationTreeAsString_RelationTree_1__Boolean_1__String_1__String_1_	false	core_relational:core_relational/relational/lineage/scanRelations/scanRelations.pure
meta::pure::mapping::resolveStore	1	1	meta::pure::mapping::resolveStore_Mapping_1__Store_1__Store_1_	true	platform_dsl_mapping:platform_dsl_mapping/functions_Mapping.pure
meta::relational::runtime::extractDBs	1	3	meta::relational::runtime::extractDBs_Mapping_MANY__Runtime_1__Database_MANY_	false	core_relational:core_relational/relational/helperFunctions/helperFunctions.pure
meta::relational::runtime::extractDBs	1	3	meta::relational::runtime::extractDBs_Mapping_1__Database_MANY_	true	core_relational:core_relational/relational/helperFunctions/helperFunctions.pure
meta::relational::runtime::extractDBs	1	3	meta::relational::runtime::extractDBs_Mapping_1__Mapping_1__Database_MANY_	false	core_relational:core_relational/relational/helperFunctions/helperFunctions.pure
meta::pure::mapping::classMappings	1	1	meta::pure::mapping::classMappings_Mapping_1__SetImplementation_MANY_	true	platform_dsl_mapping:platform_dsl_mapping/functions_Mapping.pure
meta::pure::mapping::classMappingById	1	1	meta::pure::mapping::classMappingById_Mapping_1__String_1__SetImplementation_$0_1$_	true	platform_dsl_mapping:platform_dsl_mapping/functions_Mapping.pure
meta::relational::metamodel::mainTable	1	1	meta::relational::metamodel::mainTable_RelationalMappingSpecification_1__Table_1_	true	platform_store_relational:platform_store_relational/functions.pure
meta::pure::mapping::superMapping	1	1	meta::pure::mapping::superMapping_PropertyMappingsImplementation_1__PropertyMappingsImplementation_$0_1$_	false	platform_dsl_mapping:platform_dsl_mapping/functions_PropertyMappingsImplementation.pure
meta::pure::mapping::allSuperSetImplementations	1	1	meta::pure::mapping::allSuperSetImplementations_PropertyMappingsImplementation_1__Mapping_1__PropertyMappingsImplementation_MANY_	true	core:core/pure/mapping/mappingExtension.pure
meta::relational::mapping::resolvePrimaryKey	1	4	meta::relational::mapping::resolvePrimaryKey_RootRelationalInstanceSetImplementation_1__RelationalOperationElement_MANY_	true	core_relational:core_relational/relational/helperFunctions/helperFunctions.pure
meta::relational::mapping::resolvePrimaryKey	1	4	meta::relational::mapping::resolvePrimaryKey_RelationalInstanceSetImplementation_1__RelationalOperationElement_MANY_	false	core_relational:core_relational/relational/helperFunctions/helperFunctions.pure
meta::relational::mapping::resolvePrimaryKey	1	4	meta::relational::mapping::resolvePrimaryKey_RelationFunctionInstanceSetImplementation_1__TableAliasColumn_MANY_	false	core_relational:core_relational/relational/helperFunctions/helperFunctions.pure
meta::relational::mapping::resolvePrimaryKey	1	4	meta::relational::mapping::resolvePrimaryKey_InstanceSetImplementation_1__RelationalOperationElement_MANY_	false	core_relational:core_relational/relational/helperFunctions/helperFunctions.pure
