name	side	function id	parameter spellings	same id as a system version	same spellings	file
meta::pure::mapping::_classMappingByClass	system	meta::pure::mapping::_classMappingByClass_Mapping_1__Class_1__SetImplementation_MANY_	(meta::pure::mapping::Mapping, meta::pure::metamodel::type::Class<meta::pure::metamodel::type::Any>)	-	-	SystemMetamodel
meta::pure::mapping::_classMappingByClass	upstream	meta::pure::mapping::_classMappingByClass_Mapping_1__Class_1__SetImplementation_MANY_	(Mapping, Class<Any>)	true	false	platform_dsl_mapping:platform_dsl_mapping/functions_Mapping.pure
meta::pure::mapping::rootClassMappingByClass	system	meta::pure::mapping::rootClassMappingByClass_Mapping_1__Class_1__SetImplementation_$0_1$_	(meta::pure::mapping::Mapping, meta::pure::metamodel::type::Class<meta::pure::metamodel::type::Any>)	-	-	SystemMetamodel
meta::pure::mapping::rootClassMappingByClass	upstream	meta::pure::mapping::rootClassMappingByClass_Mapping_1__Class_1__SetImplementation_$0_1$_	(Mapping, Class<Any>)	true	false	platform_dsl_mapping:platform_dsl_mapping/functions_Mapping.pure
meta::pure::mapping::enumerationMappingByName	system	meta::pure::mapping::enumerationMappingByName_Mapping_1__String_1__EnumerationMapping_$0_1$_	(meta::pure::mapping::Mapping, String)	-	-	SystemMetamodel
meta::pure::mapping::enumerationMappingByName	upstream	meta::pure::mapping::enumerationMappingByName_Mapping_1__String_1__EnumerationMapping_$0_1$_	(Mapping, String)	true	false	platform_dsl_mapping:platform_dsl_mapping/functions_Mapping.pure
meta::pure::mapping::toDomainValue	system	meta::pure::mapping::toDomainValue_EnumerationMapping_1__Any_1__Any_1_	(meta::pure::mapping::EnumerationMapping, meta::pure::metamodel::type::Any)	-	-	SystemMetamodel
meta::pure::mapping::toDomainValue	upstream	meta::pure::mapping::toDomainValue_EnumerationMapping_1__Any_1__Any_1_	(meta::pure::mapping::EnumerationMapping<T>, Any)	true	false	platform_dsl_mapping:platform_dsl_mapping/functions_EnumerationMapping.pure
meta::relational::metamodel::schema	system	meta::relational::metamodel::schema_Database_1__String_1__Schema_$0_1$_	(meta::relational::metamodel::Database, String)	-	-	SystemMetamodel
meta::relational::metamodel::schema	upstream	meta::relational::metamodel::schema_Database_1__String_1__Schema_$0_1$_	(Database, String)	true	false	platform_store_relational:platform_store_relational/functions.pure
meta::relational::metamodel::table	system	meta::relational::metamodel::table_Schema_1__String_1__Table_$0_1$_	(meta::relational::metamodel::Schema, String)	-	-	SystemMetamodel
meta::relational::metamodel::table	upstream	meta::relational::metamodel::table_Schema_1__String_1__Table_$0_1$_	(Schema, String)	true	false	platform_store_relational:platform_store_relational/functions.pure
meta::relational::metamodel::view	system	meta::relational::metamodel::view_Schema_1__String_1__View_$0_1$_	(meta::relational::metamodel::Schema, String)	-	-	SystemMetamodel
meta::relational::metamodel::view	upstream	meta::relational::metamodel::view_Schema_1__String_1__View_$0_1$_	(Schema, String)	true	false	platform_store_relational:platform_store_relational/functions.pure
meta::relational::metamodel::column	system	meta::relational::metamodel::column_Table_1__String_1__Column_$0_1$_	(meta::relational::metamodel::relation::Table, String)	-	-	SystemMetamodel
meta::relational::metamodel::column	upstream	meta::relational::metamodel::column_Table_1__String_1__Column_$0_1$_	(Table, String)	true	false	platform_store_relational:platform_store_relational/functions.pure
meta::relational::metamodel::children	system	meta::relational::metamodel::children_RelationalTreeNode_1__JoinTreeNode_MANY_	(meta::relational::metamodel::join::RelationalTreeNode)	-	-	SystemMetamodel
meta::relational::metamodel::children	upstream	meta::relational::metamodel::children_RelationalTreeNode_1__JoinTreeNode_MANY_	(RelationalTreeNode)	true	false	platform_store_relational:platform_store_relational/functions.pure
meta::relational::metamodel::childByJoinName	system	meta::relational::metamodel::childByJoinName_RelationalTreeNode_1__String_1__JoinTreeNode_$0_1$_	(meta::relational::metamodel::join::RelationalTreeNode, String)	-	-	SystemMetamodel
meta::relational::metamodel::childByJoinName	upstream	meta::relational::metamodel::childByJoinName_RelationalTreeNode_1__String_1__JoinTreeNode_$0_1$_	(RelationalTreeNode, String)	true	false	platform_store_relational:platform_store_relational/functions.pure
meta::pure::mapping::allPropertyMappings	system	meta::pure::mapping::allPropertyMappings_PropertyMappingsImplementation_1__PropertyMapping_MANY_	(meta::pure::mapping::PropertyMappingsImplementation)	-	-	SystemMetamodel
meta::pure::mapping::allPropertyMappings	upstream	meta::pure::mapping::allPropertyMappings_PropertyMappingsImplementation_1__PropertyMapping_MANY_	(PropertyMappingsImplementation)	true	false	platform_dsl_mapping:platform_dsl_mapping/functions_PropertyMappingsImplementation.pure
meta::pure::mapping::_propertyMappingsByPropertyName	system	meta::pure::mapping::_propertyMappingsByPropertyName_PropertyMappingsImplementation_1__String_1__PropertyMapping_MANY_	(meta::pure::mapping::PropertyMappingsImplementation, String)	-	-	SystemMetamodel
meta::pure::mapping::_propertyMappingsByPropertyName	upstream	meta::pure::mapping::_propertyMappingsByPropertyName_PropertyMappingsImplementation_1__String_1__PropertyMapping_MANY_	(PropertyMappingsImplementation, String)	true	false	platform_dsl_mapping:platform_dsl_mapping/functions_PropertyMappingsImplementation.pure
meta::pure::mapping::propertyMappingsByPropertyName	system	meta::pure::mapping::propertyMappingsByPropertyName_PropertyMappingsImplementation_1__String_1__PropertyMapping_MANY_	(meta::pure::mapping::PropertyMappingsImplementation, String)	-	-	SystemMetamodel
meta::pure::mapping::propertyMappingsByPropertyName	system	meta::pure::mapping::propertyMappingsByPropertyName_InstanceSetImplementation_1__String_1__PropertyMapping_MANY_	(meta::pure::mapping::InstanceSetImplementation, String)	-	-	SystemMetamodel
meta::pure::mapping::propertyMappingsByPropertyName	upstream	meta::pure::mapping::propertyMappingsByPropertyName_PropertyMappingsImplementation_1__String_1__PropertyMapping_MANY_	(PropertyMappingsImplementation, String)	true	false	platform_dsl_mapping:platform_dsl_mapping/functions_PropertyMappingsImplementation.pure
meta::pure::mapping::propertyMappingsByPropertyName	upstream	meta::pure::mapping::propertyMappingsByPropertyName_InstanceSetImplementation_1__String_1__PropertyMapping_MANY_	(InstanceSetImplementation, String)	true	false	platform_dsl_mapping:platform_dsl_mapping/functions_PropertyMappingsImplementation.pure
meta::pure::mapping::propertyMappingsByPropertyName	upstream	meta::pure::mapping::propertyMappingsByPropertyName_OtherwiseEmbeddedSetImplementation_1__String_1__PropertyMapping_MANY_	(OtherwiseEmbeddedSetImplementation, String)	false	false	platform_dsl_mapping:platform_dsl_mapping/functions_PropertyMappingsImplementation.pure
meta::pure::mapping::propertyMappingsByPropertyName	upstream	meta::pure::mapping::propertyMappingsByPropertyName_AggregationAwareSetImplementation_1__String_1__PropertyMapping_MANY_	(AggregationAwareSetImplementation, String)	false	false	platform_dsl_mapping:platform_dsl_mapping/functions_PropertyMappingsImplementation.pure
meta::pure::mapping::propertyMappingsByPropertyName	upstream	meta::pure::mapping::propertyMappingsByPropertyName_EmbeddedSetImplementation_1__String_1__PropertyMapping_MANY_	(EmbeddedSetImplementation, String)	false	false	platform_dsl_mapping:platform_dsl_mapping/functions_PropertyMappingsImplementation.pure
meta::relational::functions::typeInference::inferRelationalType	system	meta::relational::functions::typeInference::inferRelationalType_RelationalOperationElement_1__DataType_$0_1$_	(meta::relational::metamodel::RelationalOperationElement)	-	-	SystemMetamodel
meta::relational::functions::typeInference::inferRelationalType	upstream	meta::relational::functions::typeInference::inferRelationalType_RelationalOperationElement_1__DataType_$0_1$_	(RelationalOperationElement)	true	false	core_relational:core_relational/relational/relationalExtension.pure
meta::relational::functions::typeInference::inferRelationalType	upstream	meta::relational::functions::typeInference::inferRelationalType_RelationalOperationElement_1__TranslationContext_1__DataType_$0_1$_	(RelationalOperationElement, TranslationContext)	false	false	core_relational:core_relational/relational/relationalExtension.pure
meta::relational::functions::typeInference::inferRelationalType	upstream	meta::relational::functions::typeInference::inferRelationalType_RelationalOperationElement_1__Boolean_1__TranslationContext_1__DataType_$0_1$_	(RelationalOperationElement, Boolean, TranslationContext)	false	false	core_relational:core_relational/relational/relationalExtension.pure
meta::relational::functions::typeInference::inferRelationalType	upstream	meta::relational::functions::typeInference::inferRelationalType_RelationalOperationElement_1__Boolean_1__DataType_$0_1$_	(RelationalOperationElement, Boolean)	false	false	core_relational:core_relational/relational/relationalExtension.pure
meta::relational::metamodel::datatype::dataTypeToSqlText	system	meta::relational::metamodel::datatype::dataTypeToSqlText_DataType_1__String_1_	(meta::relational::metamodel::datatype::DataType)	-	-	SystemMetamodel
meta::relational::metamodel::datatype::dataTypeToSqlText	upstream	meta::relational::metamodel::datatype::dataTypeToSqlText_DataType_1__String_1_	(meta::relational::metamodel::datatype::DataType)	true	true	platform_store_relational:platform_store_relational/functions.pure
meta::pure::executionPlan::allNodes	system	meta::pure::executionPlan::allNodes_ExecutionNode_1__Extension_MANY__ExecutionNode_MANY_	(meta::pure::executionPlan::ExecutionNode, meta::pure::extension::Extension)	-	-	SystemMetamodel
meta::pure::executionPlan::allNodes	upstream	meta::pure::executionPlan::allNodes_ExecutionNode_1__Extension_MANY__ExecutionNode_MANY_	(ExecutionNode, meta::pure::extension::Extension)	true	false	core:core/pure/executionPlan/executionPlan_execution.pure
meta::pure::functions::meta::getLowerBound	system	meta::pure::functions::meta::getLowerBound_Multiplicity_1__Integer_1_	(meta::pure::metamodel::multiplicity::Multiplicity)	-	-	SystemMetamodel
meta::pure::functions::meta::getLowerBound	upstream	meta::pure::functions::meta::getLowerBound_Multiplicity_1__Integer_1_	(Multiplicity)	true	false	platform:pure/essential/meta/multiplicity/getLowerBound.pure
meta::relational::functions::pureToSqlQuery::expressionSequenceReturnsAtLeastToOneDataType	system	meta::relational::functions::pureToSqlQuery::expressionSequenceReturnsAtLeastToOneDataType_ValueSpecification_1__Boolean_1_	(meta::pure::metamodel::valuespecification::ValueSpecification)	-	-	SystemMetamodel
meta::relational::functions::pureToSqlQuery::expressionSequenceReturnsAtLeastToOneDataType	upstream	meta::relational::functions::pureToSqlQuery::expressionSequenceReturnsAtLeastToOneDataType_ValueSpecification_1__Boolean_1_	(ValueSpecification)	true	false	core_relational:core_relational/relational/pureToSQLQuery/pureToSQLQuery.pure
meta::relational::mapping::inferPrimaryKeyColumnNames	system	meta::relational::mapping::inferPrimaryKeyColumnNames_ValueSpecification_1__String_MANY_	(meta::pure::metamodel::valuespecification::ValueSpecification)	-	-	SystemMetamodel
meta::relational::mapping::inferPrimaryKeyColumnNames	upstream	meta::relational::mapping::inferPrimaryKeyColumnNames_ValueSpecification_1__String_MANY_	(meta::pure::metamodel::valuespecification::ValueSpecification)	true	true	core_relational:core_relational/relational/helperFunctions/helperFunctions.pure
meta::pure::lineage::scanRelations::relationTreeAsString	system	meta::pure::lineage::scanRelations::relationTreeAsString_RelationTree_1__String_1_	(meta::pure::lineage::scanRelations::RelationTree)	-	-	SystemMetamodel
meta::pure::lineage::scanRelations::relationTreeAsString	system	meta::pure::lineage::scanRelations::relationTreeAsString_RelationTree_1__Boolean_1__String_1_	(meta::pure::lineage::scanRelations::RelationTree, Boolean)	-	-	SystemMetamodel
meta::pure::lineage::scanRelations::relationTreeAsString	upstream	meta::pure::lineage::scanRelations::relationTreeAsString_RelationTree_1__String_1_	(RelationTree)	true	false	core_relational:core_relational/relational/lineage/scanRelations/scanRelations.pure
meta::pure::lineage::scanRelations::relationTreeAsString	upstream	meta::pure::lineage::scanRelations::relationTreeAsString_RelationTree_1__String_1__String_1_	(RelationTree, String)	false	false	core_relational:core_relational/relational/lineage/scanRelations/scanRelations.pure
meta::pure::lineage::scanRelations::relationTreeAsString	upstream	meta::pure::lineage::scanRelations::relationTreeAsString_RelationTree_1__Boolean_1__String_1_	(RelationTree, Boolean)	true	false	core_relational:core_relational/relational/lineage/scanRelations/scanRelations.pure
meta::pure::lineage::scanRelations::relationTreeAsString	upstream	meta::pure::lineage::scanRelations::relationTreeAsString_RelationTree_1__Boolean_1__String_1__String_1_	(RelationTree, Boolean, String)	false	false	core_relational:core_relational/relational/lineage/scanRelations/scanRelations.pure
meta::pure::mapping::resolveStore	system	meta::pure::mapping::resolveStore_Mapping_1__Store_1__Store_1_	(meta::pure::mapping::Mapping, meta::pure::store::Store)	-	-	SystemMetamodel
meta::pure::mapping::resolveStore	upstream	meta::pure::mapping::resolveStore_Mapping_1__Store_1__Store_1_	(Mapping, Store)	true	false	platform_dsl_mapping:platform_dsl_mapping/functions_Mapping.pure
meta::relational::runtime::extractDBs	system	meta::relational::runtime::extractDBs_Mapping_1__Database_MANY_	(meta::pure::mapping::Mapping)	-	-	SystemMetamodel
meta::relational::runtime::extractDBs	upstream	meta::relational::runtime::extractDBs_Mapping_MANY__Runtime_1__Database_MANY_	(meta::pure::mapping::Mapping, Runtime)	false	false	core_relational:core_relational/relational/helperFunctions/helperFunctions.pure
meta::relational::runtime::extractDBs	upstream	meta::relational::runtime::extractDBs_Mapping_1__Database_MANY_	(meta::pure::mapping::Mapping)	true	true	core_relational:core_relational/relational/helperFunctions/helperFunctions.pure
meta::relational::runtime::extractDBs	upstream	meta::relational::runtime::extractDBs_Mapping_1__Mapping_1__Database_MANY_	(meta::pure::mapping::Mapping, meta::pure::mapping::Mapping)	false	false	core_relational:core_relational/relational/helperFunctions/helperFunctions.pure
meta::pure::mapping::classMappings	system	meta::pure::mapping::classMappings_Mapping_1__SetImplementation_MANY_	(meta::pure::mapping::Mapping)	-	-	SystemMetamodel
meta::pure::mapping::classMappings	upstream	meta::pure::mapping::classMappings_Mapping_1__SetImplementation_MANY_	(Mapping)	true	false	platform_dsl_mapping:platform_dsl_mapping/functions_Mapping.pure
meta::pure::mapping::classMappingById	system	meta::pure::mapping::classMappingById_Mapping_1__String_1__SetImplementation_$0_1$_	(meta::pure::mapping::Mapping, String)	-	-	SystemMetamodel
meta::pure::mapping::classMappingById	upstream	meta::pure::mapping::classMappingById_Mapping_1__String_1__SetImplementation_$0_1$_	(Mapping, String)	true	false	platform_dsl_mapping:platform_dsl_mapping/functions_Mapping.pure
meta::relational::metamodel::mainTable	system	meta::relational::metamodel::mainTable_RelationalMappingSpecification_1__Table_1_	(meta::relational::metamodel::RelationalMappingSpecification)	-	-	SystemMetamodel
meta::relational::metamodel::mainTable	upstream	meta::relational::metamodel::mainTable_RelationalMappingSpecification_1__Table_1_	(RelationalMappingSpecification)	true	false	platform_store_relational:platform_store_relational/functions.pure
meta::pure::mapping::superMapping	system	meta::pure::mapping::superMapping_PropertyMappingsImplementation_1__SetImplementation_$0_1$_	(meta::pure::mapping::PropertyMappingsImplementation)	-	-	SystemMetamodel
meta::pure::mapping::superMapping	upstream	meta::pure::mapping::superMapping_PropertyMappingsImplementation_1__PropertyMappingsImplementation_$0_1$_	(PropertyMappingsImplementation)	false	false	platform_dsl_mapping:platform_dsl_mapping/functions_PropertyMappingsImplementation.pure
meta::pure::mapping::allSuperSetImplementations	system	meta::pure::mapping::allSuperSetImplementations_PropertyMappingsImplementation_1__Mapping_1__PropertyMappingsImplementation_MANY_	(meta::pure::mapping::PropertyMappingsImplementation, meta::pure::mapping::Mapping)	-	-	SystemMetamodel
meta::pure::mapping::allSuperSetImplementations	upstream	meta::pure::mapping::allSuperSetImplementations_PropertyMappingsImplementation_1__Mapping_1__PropertyMappingsImplementation_MANY_	(PropertyMappingsImplementation, Mapping)	true	false	core:core/pure/mapping/mappingExtension.pure
meta::relational::mapping::resolvePrimaryKey	system	meta::relational::mapping::resolvePrimaryKey_RootRelationalInstanceSetImplementation_1__RelationalOperationElement_MANY_	(meta::relational::mapping::RootRelationalInstanceSetImplementation)	-	-	SystemMetamodel
meta::relational::mapping::resolvePrimaryKey	upstream	meta::relational::mapping::resolvePrimaryKey_RootRelationalInstanceSetImplementation_1__RelationalOperationElement_MANY_	(RootRelationalInstanceSetImplementation)	true	false	core_relational:core_relational/relational/helperFunctions/helperFunctions.pure
meta::relational::mapping::resolvePrimaryKey	upstream	meta::relational::mapping::resolvePrimaryKey_RelationalInstanceSetImplementation_1__RelationalOperationElement_MANY_	(RelationalInstanceSetImplementation)	false	false	core_relational:core_relational/relational/helperFunctions/helperFunctions.pure
meta::relational::mapping::resolvePrimaryKey	upstream	meta::relational::mapping::resolvePrimaryKey_RelationFunctionInstanceSetImplementation_1__TableAliasColumn_MANY_	(RelationFunctionInstanceSetImplementation)	false	false	core_relational:core_relational/relational/helperFunctions/helperFunctions.pure
meta::relational::mapping::resolvePrimaryKey	upstream	meta::relational::mapping::resolvePrimaryKey_InstanceSetImplementation_1__RelationalOperationElement_MANY_	(InstanceSetImplementation)	false	false	core_relational:core_relational/relational/helperFunctions/helperFunctions.pure
