run	pair	side	build_ms	typeAll_ms
1	1	main	1979	2431
1	1	change	1930	1913
1	2	main	1851	2464
1	2	change	1960	2005
1	3	main	1950	2667
1	3	change	1994	2182
1	4	main	2085	2734
1	4	change	2191	2193
1	5	main	2055	2852
1	5	change	2250	2392
1	6	main	2111	2927
1	6	change	2181	2252
2	1	main	3120	4166
2	1	change	2921	3240
2	2	main	3253	4204
2	2	change	3867	4029
2	3	main	3251	4278
2	3	change	3356	2840
2	4	main	2441	3370
2	4	change	2917	2796
2	5	main	2536	3422
2	5	change	2637	2802
2	6	main	2649	3374
2	6	change	2529	2869
