# engine-handlers.tsv — THE ENGINE SURFACE BY BARE NAME: legend-engine's Handlers.java registry (pinned), each bare name with the signature ids it stands for, in the registry's order. Upstream only: EngineHandlers joins it with the platform's declarations when it loads. Generated by EngineHandlersGenerator; regenerate: bazel run //:update_generated.
name	id
CYMinus2	meta::pure::functions::date::calendar::CYMinus2_Date_$0_1$__String_1__Date_1__Number_$0_1$__Number_$0_1$_
CYMinus3	meta::pure::functions::date::calendar::CYMinus3_Date_$0_1$__String_1__Date_1__Number_$0_1$__Number_$0_1$_
_range	meta::pure::functions::relation::_range_Number_1__Number_1___Range_1_
_range	meta::pure::functions::relation::_range_UnboundedFrameValue_1__Number_1___Range_1_
_range	meta::pure::functions::relation::_range_Number_1__UnboundedFrameValue_1___Range_1_
_range	meta::pure::functions::relation::_range_UnboundedFrameValue_1__UnboundedFrameValue_1___Range_1_
_range	meta::pure::functions::relation::_range_Integer_1__DurationUnit_1__UnboundedFrameValue_1___RangeInterval_1_
_range	meta::pure::functions::relation::_range_UnboundedFrameValue_1__Integer_1__DurationUnit_1___RangeInterval_1_
_range	meta::pure::functions::relation::_range_Integer_1__DurationUnit_1__Integer_1__DurationUnit_1___RangeInterval_1_
abs	meta::pure::functions::math::abs_Float_1__Float_1_
abs	meta::pure::functions::math::abs_Integer_1__Integer_1_
abs	meta::pure::functions::math::abs_Decimal_1__Decimal_1_
abs	meta::pure::functions::math::abs_Number_1__Number_1_
acos	meta::pure::functions::math::acos_Number_1__Float_1_
add	meta::pure::functions::date::add_StrictDate_1__Duration_1__StrictDate_1_
add	meta::pure::functions::collection::add_T_MANY__T_1__T_$1_MANY$_
add	meta::pure::functions::collection::add_T_MANY__Integer_1__T_1__T_$1_MANY$_
adjust	meta::pure::functions::date::adjust_Date_1__Integer_1__DurationUnit_1__Date_1_
agg	meta::pure::tds::agg_String_1__FunctionDefinition_1__FunctionDefinition_1__AggregateValue_1_
agg	meta::pure::functions::collection::agg_FunctionDefinition_1__FunctionDefinition_1__AggregateValue_1_
aggregate	meta::pure::functions::relation::aggregate_Relation_1__AggColSpec_1__Relation_1_
aggregate	meta::pure::functions::relation::aggregate_Relation_1__AggColSpecArray_1__Relation_1_
aggregate	meta::pure::functions::relation::aggregate_Relation_1__FuncColSpec_1__Relation_1_
aggregate	meta::pure::functions::relation::aggregate_Relation_1__FuncColSpecArray_1__Relation_1_
and	meta::pure::functions::boolean::and_Boolean_1__Boolean_1__Boolean_1_
and	meta::pure::functions::collection::and_Boolean_MANY__Boolean_1_
annualized	meta::pure::functions::date::calendar::annualized_Date_$0_1$__String_1__Date_1__Number_$0_1$__Number_$0_1$_
asOfJoin	meta::pure::functions::relation::asOfJoin_Relation_1__Relation_1__Function_1__Function_1__Relation_1_
asOfJoin	meta::pure::functions::relation::asOfJoin_Relation_1__Relation_1__Function_1__Relation_1_
asc	meta::pure::tds::asc_String_1__SortInformation_1_
asc	meta::pure::tds::asc_String_1__NullOrder_1__SortInformation_1_
ascending	meta::pure::functions::relation::ascending_ColSpec_1__SortInfo_1_
ascending	meta::pure::functions::relation::ascending_ColSpec_1__NullOrder_1__SortInfo_1_
ascii	meta::pure::functions::string::ascii_String_1__Integer_1_
asin	meta::pure::functions::math::asin_Number_1__Float_1_
assert	meta::pure::functions::asserts::assert_Boolean_1__Function_1__Boolean_1_
assert	meta::pure::functions::asserts::assert_Boolean_1__String_1__Boolean_1_
assert	meta::pure::functions::asserts::assert_Boolean_1__Boolean_1_
assert	meta::pure::functions::asserts::assert_Boolean_1__String_1__Any_MANY__Boolean_1_
assertContains	meta::pure::functions::asserts::assertContains_Any_MANY__Any_1__Boolean_1_
assertContains	meta::pure::functions::asserts::assertContains_Any_MANY__Any_1__String_1__Boolean_1_
assertContains	meta::pure::functions::asserts::assertContains_Any_MANY__Any_1__Function_1__Boolean_1_
assertContains	meta::pure::functions::asserts::assertContains_Any_MANY__Any_1__String_1__Any_MANY__Boolean_1_
assertEmpty	meta::pure::functions::asserts::assertEmpty_Any_MANY__Boolean_1_
assertEmpty	meta::pure::functions::asserts::assertEmpty_Any_MANY__String_1__Boolean_1_
assertEmpty	meta::pure::functions::asserts::assertEmpty_Any_MANY__Function_1__Boolean_1_
assertEmpty	meta::pure::functions::asserts::assertEmpty_Any_MANY__String_1__Any_MANY__Boolean_1_
assertEq	meta::pure::functions::asserts::assertEq_Any_1__Any_1__Boolean_1_
assertEq	meta::pure::functions::asserts::assertEq_Any_1__Any_1__String_1__Boolean_1_
assertEq	meta::pure::functions::asserts::assertEq_Any_1__Any_1__String_1__Any_MANY__Boolean_1_
assertEqWithinTolerance	meta::pure::functions::asserts::assertEqWithinTolerance_Number_1__Number_1__Number_1__Boolean_1_
assertEqWithinTolerance	meta::pure::functions::asserts::assertEqWithinTolerance_Number_1__Number_1__Number_1__String_1__Boolean_1_
assertEqWithinTolerance	meta::pure::functions::asserts::assertEqWithinTolerance_Number_1__Number_1__Number_1__Function_1__Boolean_1_
assertEqWithinTolerance	meta::pure::functions::asserts::assertEqWithinTolerance_Number_1__Number_1__Number_1__String_1__Any_MANY__Boolean_1_
assertEquals	meta::pure::functions::asserts::assertEquals_Any_MANY__Any_MANY__Boolean_1_
assertEquals	meta::pure::functions::asserts::assertEquals_Any_MANY__Any_MANY__String_1__Boolean_1_
assertEquals	meta::pure::functions::asserts::assertEquals_Any_MANY__Any_MANY__Function_1__Boolean_1_
assertEquals	meta::pure::functions::asserts::assertEquals_Any_MANY__Any_MANY__String_1__Any_MANY__Boolean_1_
assertFalse	meta::pure::functions::asserts::assertFalse_Boolean_1__Boolean_1_
assertFalse	meta::pure::functions::asserts::assertFalse_Boolean_1__String_1__Boolean_1_
assertFalse	meta::pure::functions::asserts::assertFalse_Boolean_1__Function_1__Boolean_1_
assertFalse	meta::pure::functions::asserts::assertFalse_Boolean_1__String_1__Any_MANY__Boolean_1_
assertInstanceOf	meta::pure::functions::asserts::assertInstanceOf_Any_1__Type_1__Boolean_1_
assertInstanceOf	meta::pure::functions::asserts::assertInstanceOf_Any_1__Type_1__String_1__Boolean_1_
assertInstanceOf	meta::pure::functions::asserts::assertInstanceOf_Any_1__Type_1__Function_1__Boolean_1_
assertInstanceOf	meta::pure::functions::asserts::assertInstanceOf_Any_1__Type_1__String_1__Any_MANY__Boolean_1_
assertIs	meta::pure::functions::asserts::assertIs_Any_1__Any_1__Boolean_1_
assertIs	meta::pure::functions::asserts::assertIs_Any_1__Any_1__String_1__Boolean_1_
assertIs	meta::pure::functions::asserts::assertIs_Any_1__Any_1__Function_1__Boolean_1_
assertIs	meta::pure::functions::asserts::assertIs_Any_1__Any_1__String_1__Any_MANY__Boolean_1_
assertIsNot	meta::pure::functions::asserts::assertIsNot_Any_1__Any_1__Boolean_1_
assertIsNot	meta::pure::functions::asserts::assertIsNot_Any_1__Any_1__String_1__Boolean_1_
assertIsNot	meta::pure::functions::asserts::assertIsNot_Any_1__Any_1__Function_1__Boolean_1_
assertIsNot	meta::pure::functions::asserts::assertIsNot_Any_1__Any_1__String_1__Any_MANY__Boolean_1_
assertNotContains	meta::pure::functions::asserts::assertNotContains_Any_MANY__Any_1__Boolean_1_
assertNotContains	meta::pure::functions::asserts::assertNotContains_Any_MANY__Any_1__String_1__Boolean_1_
assertNotContains	meta::pure::functions::asserts::assertNotContains_Any_MANY__Any_1__Function_1__Boolean_1_
assertNotContains	meta::pure::functions::asserts::assertNotContains_Any_MANY__Any_1__String_1__Any_MANY__Boolean_1_
assertNotEmpty	meta::pure::functions::asserts::assertNotEmpty_Any_MANY__Boolean_1_
assertNotEmpty	meta::pure::functions::asserts::assertNotEmpty_Any_MANY__String_1__Boolean_1_
assertNotEmpty	meta::pure::functions::asserts::assertNotEmpty_Any_MANY__Function_1__Boolean_1_
assertNotEmpty	meta::pure::functions::asserts::assertNotEmpty_Any_MANY__String_1__Any_MANY__Boolean_1_
assertNotEq	meta::pure::functions::asserts::assertNotEq_Any_1__Any_1__Boolean_1_
assertNotEq	meta::pure::functions::asserts::assertNotEq_Any_1__Any_1__String_1__Boolean_1_
assertNotEq	meta::pure::functions::asserts::assertNotEq_Any_1__Any_1__Function_1__Boolean_1_
assertNotEq	meta::pure::functions::asserts::assertNotEq_Any_1__Any_1__String_1__Any_MANY__Boolean_1_
assertNotEquals	meta::pure::functions::asserts::assertNotEquals_Any_MANY__Any_MANY__Boolean_1_
assertNotEquals	meta::pure::functions::asserts::assertNotEquals_Any_MANY__Any_MANY__String_1__Boolean_1_
assertNotEquals	meta::pure::functions::asserts::assertNotEquals_Any_MANY__Any_MANY__Function_1__Boolean_1_
assertNotEquals	meta::pure::functions::asserts::assertNotEquals_Any_MANY__Any_MANY__String_1__Any_MANY__Boolean_1_
assertNotSize	meta::pure::functions::asserts::assertNotSize_Any_MANY__Integer_1__Boolean_1_
assertNotSize	meta::pure::functions::asserts::assertNotSize_Any_MANY__Integer_1__String_1__Boolean_1_
assertNotSize	meta::pure::functions::asserts::assertNotSize_Any_MANY__Integer_1__Function_1__Boolean_1_
assertNotSize	meta::pure::functions::asserts::assertNotSize_Any_MANY__Integer_1__String_1__Any_MANY__Boolean_1_
assertSameElements	meta::pure::functions::asserts::assertSameElements_Any_MANY__Any_MANY__Boolean_1_
assertSameElements	meta::pure::functions::asserts::assertSameElements_Any_MANY__Any_MANY__String_1__Boolean_1_
assertSameElements	meta::pure::functions::asserts::assertSameElements_Any_MANY__Any_MANY__Function_1__Boolean_1_
assertSameElements	meta::pure::functions::asserts::assertSameElements_Any_MANY__Any_MANY__String_1__Any_MANY__Boolean_1_
assertSize	meta::pure::functions::asserts::assertSize_Any_MANY__Integer_1__Boolean_1_
assertSize	meta::pure::functions::asserts::assertSize_Any_MANY__Integer_1__String_1__Boolean_1_
assertSize	meta::pure::functions::asserts::assertSize_Any_MANY__Integer_1__Function_1__Boolean_1_
assertSize	meta::pure::functions::asserts::assertSize_Any_MANY__Integer_1__String_1__Any_MANY__Boolean_1_
at	meta::pure::functions::collection::at_T_MANY__Integer_1__T_1_
atan	meta::pure::functions::math::atan_Number_1__Float_1_
atan2	meta::pure::functions::math::atan2_Number_1__Number_1__Float_1_
average	meta::pure::functions::math::average_Relation_1___Window_1__T_1__ColSpec_1__Float_1_
average	meta::pure::functions::math::average_Float_MANY__Float_1_
average	meta::pure::functions::math::average_Integer_MANY__Float_1_
average	meta::pure::functions::math::average_Number_MANY__Float_1_
averageRank	meta::pure::functions::math::olap::averageRank_Any_MANY__Map_1_
between	meta::pure::functions::boolean::between_Date_$0_1$__Date_$0_1$__Date_$0_1$__Boolean_1_
between	meta::pure::functions::boolean::between_Number_$0_1$__Number_$0_1$__Number_$0_1$__Boolean_1_
between	meta::pure::functions::boolean::between_String_$0_1$__String_$0_1$__String_$0_1$__Boolean_1_
binFloor	meta::pure::functions::math::binFloor_Integer_1__Integer_1__Integer_1_
bitAnd	meta::pure::functions::math::bitAnd_Integer_1__Integer_1__Integer_1_
bitNot	meta::pure::functions::math::bitNot_Integer_1__Integer_1_
bitOr	meta::pure::functions::math::bitOr_Integer_1__Integer_1__Integer_1_
bitShiftLeft	meta::pure::functions::math::bitShiftLeft_Integer_1__Integer_1__Integer_1_
bitShiftRight	meta::pure::functions::math::bitShiftRight_Integer_1__Integer_1__Integer_1_
bitXor	meta::pure::functions::math::bitXor_Integer_1__Integer_1__Integer_1_
calculateSourceTree	meta::pure::graphFetch::calculateSourceTree_RootGraphFetchTree_1__Mapping_1__Extension_MANY__RootGraphFetchTree_1_
cast	meta::pure::functions::lang::cast_Any_m__T_1__T_m_
cbrt	meta::pure::functions::math::cbrt_Number_1__Float_1_
ceiling	meta::pure::functions::math::ceiling_Number_1__Integer_1_
char	meta::pure::functions::string::char_Integer_1__String_1_
chunk	meta::pure::functions::string::chunk_String_1__Integer_1__String_MANY_
cme	meta::pure::functions::date::calendar::cme_Date_$0_1$__String_1__Date_1__Number_$0_1$__Number_$0_1$_
coalesce	meta::pure::functions::flow::coalesce_T_$0_1$__T_1__T_1_
coalesce	meta::pure::functions::flow::coalesce_T_$0_1$__T_$0_1$__T_$0_1$_
coalesce	meta::pure::functions::flow::coalesce_T_$0_1$__T_$0_1$__T_1__T_1_
coalesce	meta::pure::functions::flow::coalesce_T_$0_1$__T_$0_1$__T_$0_1$__T_$0_1$_
coalesce	meta::pure::functions::flow::coalesce_T_$0_1$__T_$0_1$__T_$0_1$__T_1__T_1_
coalesce	meta::pure::functions::flow::coalesce_T_$0_1$__T_$0_1$__T_$0_1$__T_$0_1$__T_$0_1$_
col	meta::pure::tds::col_Function_1__String_1__String_1__BasicColumnSpecification_1_
col	meta::pure::tds::col_Function_1__String_1__BasicColumnSpecification_1_
compare	meta::pure::functions::lang::compare_T_1__T_1__Integer_1_
concatenate	meta::pure::tds::concatenate_TabularDataSet_1__TabularDataSet_1__TabularDataSet_1_
concatenate	meta::pure::functions::relation::concatenate_Relation_1__Relation_1__Relation_1_
concatenate	meta::pure::functions::collection::concatenate_T_MANY__T_MANY__T_MANY_
contains	meta::pure::functions::string::contains_String_1__String_1__Boolean_1_
contains	meta::pure::functions::string::contains_String_$0_1$__String_1__Boolean_1_
contains	meta::pure::functions::collection::contains_Any_MANY__Any_1__Boolean_1_
containsAll	meta::pure::functions::collection::containsAll_Any_MANY__Any_MANY__Boolean_1_
containsAny	meta::pure::functions::collection::containsAny_Any_MANY__Any_MANY__Boolean_1_
convert	meta::pure::executionPlan::engine::java::convert_Any_1__Unit_1__Any_1_
convertTimeZone	meta::pure::functions::date::convertTimeZone_DateTime_1__String_1__String_1__String_1_
corr	meta::pure::functions::math::corr_Number_MANY__Number_MANY__Number_$0_1$_
corr	meta::pure::functions::math::corr_RowMapper_MANY__Number_$0_1$_
cos	meta::pure::functions::math::cos_Number_1__Float_1_
cosh	meta::pure::functions::math::cosh_Number_1__Float_1_
cot	meta::pure::functions::math::cot_Number_1__Float_1_
count	meta::pure::functions::collection::count_Any_MANY__Integer_1_
covarPopulation	meta::pure::functions::math::covarPopulation_Number_MANY__Number_MANY__Number_$0_1$_
covarPopulation	meta::pure::functions::math::covarPopulation_RowMapper_MANY__Number_$0_1$_
covarSample	meta::pure::functions::math::covarSample_Number_MANY__Number_MANY__Number_$0_1$_
covarSample	meta::pure::functions::math::covarSample_RowMapper_MANY__Number_$0_1$_
createConstraintFailureMessage	meta::pure::constraints::functions::createConstraintFailureMessage_X_1__String_1__String_$0_1$_
cumulativeDistribution	meta::pure::functions::relation::cumulativeDistribution_Relation_1___Window_1__T_1__Float_1_
currentUserId	meta::pure::functions::runtime::currentUserId__String_1_
cw	meta::pure::functions::date::calendar::cw_Date_$0_1$__String_1__Date_1__Number_$0_1$__Number_$0_1$_
cw_fm	meta::pure::functions::date::calendar::cw_fm_Date_$0_1$__String_1__Date_1__Number_$0_1$__Number_$0_1$_
date	meta::pure::functions::date::date_Integer_1__Date_1_
date	meta::pure::functions::date::date_Integer_1__Integer_1__Date_1_
date	meta::pure::functions::date::date_Integer_1__Integer_1__Integer_1__StrictDate_1_
date	meta::pure::functions::date::date_Integer_1__Integer_1__Integer_1__Integer_1__DateTime_1_
date	meta::pure::functions::date::date_Integer_1__Integer_1__Integer_1__Integer_1__Integer_1__DateTime_1_
date	meta::pure::functions::date::date_Integer_1__Integer_1__Integer_1__Integer_1__Integer_1__Number_1__DateTime_1_
dateDiff	meta::pure::functions::date::dateDiff_Date_1__Date_1__DurationUnit_1__Integer_1_
dateDiff	meta::pure::functions::date::dateDiff_Date_$0_1$__Date_$0_1$__DurationUnit_1__Integer_$0_1$_
datePart	meta::pure::functions::date::datePart_Date_1__Date_1_
datePart	meta::pure::functions::date::datePart_Date_$0_1$__Date_$0_1$_
dayOfMonth	meta::pure::functions::date::dayOfMonth_Date_1__Integer_1_
dayOfWeek	meta::pure::functions::date::dayOfWeek_Date_1__DayOfWeek_1_
dayOfWeek	meta::pure::functions::date::dayOfWeek_Integer_1__DayOfWeek_1_
dayOfWeekNumber	meta::pure::functions::date::dayOfWeekNumber_Date_1__Integer_1_
dayOfWeekNumber	meta::pure::functions::date::dayOfWeekNumber_Date_1__DayOfWeek_1__Integer_1_
dayOfYear	meta::pure::functions::date::dayOfYear_Date_1__Integer_1_
daysOfMonth	meta::pure::functions::date::daysOfMonth_Date_1__Integer_MANY_
decodeBase64	meta::pure::functions::string::decodeBase64_String_1__String_1_
decodeUrl	meta::pure::functions::string::decodeUrl_String_1__String_1_
decodeUrl	meta::pure::functions::string::decodeUrl_String_1__String_1__String_1_
defaultIfEmpty	meta::pure::functions::collection::defaultIfEmpty_T_MANY__T_$1_MANY$__T_$1_MANY$_
denseRank	meta::pure::functions::math::olap::denseRank_Any_MANY__Map_1_
denseRank	meta::pure::functions::relation::denseRank_Relation_1___Window_1__T_1__Integer_1_
desc	meta::pure::tds::desc_String_1__SortInformation_1_
desc	meta::pure::tds::desc_String_1__NullOrder_1__SortInformation_1_
descending	meta::pure::functions::relation::descending_ColSpec_1__SortInfo_1_
descending	meta::pure::functions::relation::descending_ColSpec_1__NullOrder_1__SortInfo_1_
distanceHaversineDegrees	meta::pure::functions::math::distanceHaversineDegrees_Number_1__Number_1__Number_1__Number_1__Number_1_
distanceHaversineRadians	meta::pure::functions::math::distanceHaversineRadians_Number_1__Number_1__Number_1__Number_1__Number_1_
distanceSphericalLawOfCosinesDegrees	meta::pure::functions::math::distanceSphericalLawOfCosinesDegrees_Number_1__Number_1__Number_1__Number_1__Number_1_
distanceSphericalLawOfCosinesRadians	meta::pure::functions::math::distanceSphericalLawOfCosinesRadians_Number_1__Number_1__Number_1__Number_1__Number_1_
distinct	meta::pure::functions::relation::distinct_Relation_1__ColSpecArray_1__Relation_1_
distinct	meta::pure::functions::relation::distinct_Relation_1__Relation_1_
distinct	meta::pure::tds::distinct_TabularDataSet_1__TabularDataSet_1_
distinct	meta::pure::functions::collection::distinct_T_MANY__T_MANY_
divide	meta::pure::functions::math::divide_Number_1__Number_1__Float_1_
divide	meta::pure::functions::math::divide_Decimal_1__Decimal_1__Integer_1__Decimal_1_
drop	meta::pure::tds::drop_TabularDataSet_1__Integer_1__TabularDataSet_1_
drop	meta::pure::functions::relation::drop_Relation_1__Integer_1__Relation_1_
drop	meta::pure::functions::collection::drop_T_MANY__Integer_1__T_MANY_
dropAt	meta::pure::functions::collection::dropAt_T_MANY__Integer_1__T_MANY_
dropAt	meta::pure::functions::collection::dropAt_T_MANY__Integer_1__Integer_1__T_MANY_
earthRadius	meta::pure::functions::math::earthRadius__Float_1_
emptyFirst	meta::pure::functions::relation::emptyFirst_SortInfo_1__SortInfo_1_
emptyFirst	meta::pure::tds::emptyFirst_SortInformation_1__SortInformation_1_
emptyLast	meta::pure::functions::relation::emptyLast_SortInfo_1__SortInfo_1_
emptyLast	meta::pure::tds::emptyLast_SortInformation_1__SortInformation_1_
encodeBase64	meta::pure::functions::string::encodeBase64_String_1__String_1_
encodeUrl	meta::pure::functions::string::encodeUrl_String_1__String_1_
encodeUrl	meta::pure::functions::string::encodeUrl_String_1__String_1__String_1_
endsWith	meta::pure::functions::string::endsWith_String_1__String_1__Boolean_1_
endsWith	meta::pure::functions::string::endsWith_String_$0_1$__String_1__Boolean_1_
enumName	meta::pure::functions::meta::enumName_Enumeration_1__String_1_
enumValues	meta::pure::functions::meta::enumValues_Enumeration_1__T_MANY_
eq	meta::pure::functions::boolean::eq_Any_1__Any_1__Boolean_1_
equal	meta::pure::functions::boolean::equal_Any_MANY__Any_MANY__Boolean_1_
equalIgnoreCase	meta::pure::functions::string::equalIgnoreCase_String_1__String_1__Boolean_1_
equalJsonStrings	meta::pure::functions::boolean::equalJsonStrings_String_1__String_1__Boolean_1_
eval	meta::pure::functions::lang::eval_Function_1__T_n__V_m_
eval	meta::pure::functions::lang::eval_Function_1__V_m_
eval	meta::pure::functions::lang::eval_Function_1__T_n__U_p__V_m_
eval	meta::pure::functions::relation::eval_ColSpec_1__T_1__Z_$0_1$_
evaluateConstraint	meta::pure::constraints::functions::evaluateConstraint_Z_1__String_1__Boolean_1_
evaluateConstraintMessageFunction	meta::pure::constraints::functions::evaluateConstraintMessageFunction_Z_1__String_1__String_1_
exists	meta::pure::functions::relation::exists_Relation_1__Function_1__Boolean_1_
exists	meta::pure::functions::collection::exists_T_MANY__Function_1__Boolean_1_
exp	meta::pure::functions::math::exp_Number_1__Float_1_
extend	meta::pure::functions::relation::extend_Relation_1__FuncColSpec_1__Relation_1_
extend	meta::pure::functions::relation::extend_Relation_1__FuncColSpecArray_1__Relation_1_
extend	meta::pure::functions::relation::extend_Relation_1__AggColSpec_1__Relation_1_
extend	meta::pure::functions::relation::extend_Relation_1__AggColSpecArray_1__Relation_1_
extend	meta::pure::tds::extend_TabularDataSet_1__BasicColumnSpecification_MANY__TabularDataSet_1_
extend	meta::pure::functions::relation::extend_Relation_1___Window_1__AggColSpecArray_1__Relation_1_
extend	meta::pure::functions::relation::extend_Relation_1___Window_1__AggColSpec_1__Relation_1_
extend	meta::pure::functions::relation::extend_Relation_1___Window_1__FuncColSpecArray_1__Relation_1_
extend	meta::pure::functions::relation::extend_Relation_1___Window_1__FuncColSpec_1__Relation_1_
extractEnumValue	meta::pure::functions::lang::extractEnumValue_Enumeration_1__String_1__T_1_
extractEnumValue	meta::pure::functions::lang::extractEnumValue_Enumeration_1__String_$0_1$__T_$0_1$_
fail	meta::pure::functions::asserts::fail__Boolean_1_
fail	meta::pure::functions::asserts::fail_String_1__Boolean_1_
fail	meta::pure::functions::asserts::fail_Function_1__Boolean_1_
fail	meta::pure::functions::asserts::fail_String_1__Any_MANY__Boolean_1_
filter	meta::pure::functions::relation::filter_Relation_1__Function_1__Relation_1_
filter	meta::pure::tds::filter_TabularDataSet_1__Function_1__TabularDataSet_1_
filter	meta::pure::functions::collection::filter_T_MANY__Function_1__T_MANY_
first	meta::pure::functions::collection::first_T_MANY__T_$0_1$_
first	meta::pure::functions::relation::first_Relation_1___Window_1__T_1__T_$0_1$_
firstDayOfMonth	meta::pure::functions::date::firstDayOfMonth_Date_1__Date_1_
firstDayOfQuarter	meta::pure::functions::date::firstDayOfQuarter_Date_1__StrictDate_1_
firstDayOfThisMonth	meta::pure::functions::date::firstDayOfThisMonth__Date_1_
firstDayOfThisQuarter	meta::pure::functions::date::firstDayOfThisQuarter__StrictDate_1_
firstDayOfThisWeek	meta::pure::functions::date::firstDayOfThisWeek__Date_1_
firstDayOfThisYear	meta::pure::functions::date::firstDayOfThisYear__Date_1_
firstDayOfWeek	meta::pure::functions::date::firstDayOfWeek_Date_1__Date_1_
firstDayOfYear	meta::pure::functions::date::firstDayOfYear_Date_1__Date_1_
firstHourOfDay	meta::pure::functions::date::firstHourOfDay_Date_1__DateTime_1_
firstMillisecondOfSecond	meta::pure::functions::date::firstMillisecondOfSecond_Date_1__DateTime_1_
firstMinuteOfHour	meta::pure::functions::date::firstMinuteOfHour_Date_1__DateTime_1_
firstNotNull	meta::pure::tds::extensions::firstNotNull_T_MANY__T_$0_1$_
firstSecondOfMinute	meta::pure::functions::date::firstSecondOfMinute_Date_1__DateTime_1_
flatten	meta::pure::functions::relation::variant::flatten_T_MANY__ColSpec_1__Relation_1_
floor	meta::pure::functions::math::floor_Number_1__Integer_1_
fold	meta::pure::functions::collection::fold_T_MANY__Function_1__V_m__V_m_
forAll	meta::pure::functions::collection::forAll_T_MANY__Function_1__Boolean_1_
format	meta::pure::functions::string::format_String_1__Any_MANY__String_1_
formatDate	meta::pure::functions::date::formatDate_DateTime_1__DateTimeFormat_1__String_1_
formatDate	meta::pure::functions::date::formatDate_StrictDate_1__StrictDateFormat_1__String_1_
from	meta::pure::mapping::from_FunctionDefinition_1__Runtime_1__T_m_
from	meta::pure::mapping::from_FunctionDefinition_1__PackageableRuntime_1__T_m_
from	meta::pure::mapping::from_T_m__Runtime_1__T_m_
from	meta::pure::mapping::from_T_m__PackageableRuntime_1__T_m_
from	meta::pure::mapping::from_FunctionDefinition_1__Mapping_1__Runtime_1__T_m_
from	meta::pure::mapping::from_FunctionDefinition_1__Mapping_1__PackageableRuntime_1__T_m_
from	meta::pure::mapping::from_TabularDataSet_1__Mapping_1__Runtime_1__TabularDataSet_1_
from	meta::pure::mapping::from_TabularDataSet_1__Mapping_1__PackageableRuntime_1__TabularDataSet_1_
from	meta::pure::mapping::from_T_m__Mapping_1__Runtime_1__T_m_
from	meta::pure::mapping::from_T_m__Mapping_1__PackageableRuntime_1__T_m_
from	meta::pure::mapping::from_TabularDataSet_1__Mapping_1__Runtime_1__ExecutionContext_1__TabularDataSet_1_
from	meta::pure::mapping::from_TabularDataSet_1__Mapping_1__PackageableRuntime_1__ExecutionContext_1__TabularDataSet_1_
fromJson	meta::pure::functions::variant::convert::fromJson_String_1__Variant_1_
func	meta::pure::tds::func_String_1__FunctionDefinition_1__TdsOlapAggregation_1_
func	meta::pure::tds::func_FunctionDefinition_1__TdsOlapRank_1_
generateGuid	meta::pure::functions::string::generation::generateGuid__String_1_
get	meta::pure::functions::collection::get_Map_1__U_1__V_$0_1$_
get	meta::pure::functions::variant::navigation::get_Variant_$0_1$__String_1__Variant_$0_1$_
get	meta::pure::functions::variant::navigation::get_Variant_$0_1$__Integer_1__Variant_$0_1$_
getAll	meta::pure::functions::collection::getAll_Class_1__T_MANY_
getAll	meta::pure::functions::collection::getAll_Class_1__Date_1__T_MANY_
getAll	meta::pure::functions::collection::getAll_Class_1__Date_1__Date_1__T_MANY_
getAllForEachDate	meta::pure::functions::collection::getAllForEachDate_Class_1__Date_MANY__T_MANY_
getAllVersions	meta::pure::functions::collection::getAllVersions_Class_1__T_MANY_
getAllVersionsInRange	meta::pure::functions::collection::getAllVersionsInRange_Class_1__Date_1__Date_1__T_MANY_
getRuntimeWithModelConnection	meta::core::runtime::getRuntimeWithModelConnection_Class_1__Any_MANY__Runtime_1_
getRuntimeWithModelQueryConnection	meta::core::runtime::getRuntimeWithModelQueryConnection_Class_1__String_1__String_1__Runtime_1_
getRuntimeWithModelQueryConnection	meta::core::runtime::getRuntimeWithModelQueryConnection_Class_1__String_1__Byte_MANY__Runtime_1_
getRuntimeWithModelQueryConnection	meta::core::runtime::getRuntimeWithModelQueryConnection_Class_1__Binding_1__Byte_MANY__Runtime_1_
getRuntimeWithModelQueryConnection	meta::core::runtime::getRuntimeWithModelQueryConnection_Class_1__Binding_1__String_1__Runtime_1_
graphFetch	meta::pure::graphFetch::execution::graphFetch_T_MANY__RootGraphFetchTree_1__T_MANY_
graphFetch	meta::pure::graphFetch::execution::graphFetch_T_MANY__RootGraphFetchTree_1__Integer_1__T_MANY_
graphFetchChecked	meta::pure::graphFetch::execution::graphFetchChecked_T_MANY__RootGraphFetchTree_1__Checked_MANY_
graphFetchChecked	meta::pure::graphFetch::execution::graphFetchChecked_T_MANY__RootGraphFetchTree_1__Integer_1__Checked_MANY_
graphFetchCheckedUnexpanded	meta::pure::graphFetch::execution::graphFetchCheckedUnexpanded_T_MANY__RootGraphFetchTree_1__Checked_MANY_
graphFetchUnexpanded	meta::pure::graphFetch::execution::graphFetchUnexpanded_T_MANY__RootGraphFetchTree_1__T_MANY_
greaterThan	meta::pure::functions::boolean::greaterThan_Boolean_1__Boolean_1__Boolean_1_
greaterThan	meta::pure::functions::boolean::greaterThan_Boolean_1__Boolean_$0_1$__Boolean_1_
greaterThan	meta::pure::functions::boolean::greaterThan_Boolean_$0_1$__Boolean_1__Boolean_1_
greaterThan	meta::pure::functions::boolean::greaterThan_Boolean_$0_1$__Boolean_$0_1$__Boolean_1_
greaterThan	meta::pure::functions::boolean::greaterThan_Date_1__Date_1__Boolean_1_
greaterThan	meta::pure::functions::boolean::greaterThan_Date_1__Date_$0_1$__Boolean_1_
greaterThan	meta::pure::functions::boolean::greaterThan_Date_$0_1$__Date_1__Boolean_1_
greaterThan	meta::pure::functions::boolean::greaterThan_Date_$0_1$__Date_$0_1$__Boolean_1_
greaterThan	meta::pure::functions::boolean::greaterThan_Number_1__Number_1__Boolean_1_
greaterThan	meta::pure::functions::boolean::greaterThan_Number_1__Number_$0_1$__Boolean_1_
greaterThan	meta::pure::functions::boolean::greaterThan_Number_$0_1$__Number_1__Boolean_1_
greaterThan	meta::pure::functions::boolean::greaterThan_Number_$0_1$__Number_$0_1$__Boolean_1_
greaterThan	meta::pure::functions::boolean::greaterThan_String_1__String_1__Boolean_1_
greaterThan	meta::pure::functions::boolean::greaterThan_String_1__String_$0_1$__Boolean_1_
greaterThan	meta::pure::functions::boolean::greaterThan_String_$0_1$__String_1__Boolean_1_
greaterThan	meta::pure::functions::boolean::greaterThan_String_$0_1$__String_$0_1$__Boolean_1_
greaterThanEqual	meta::pure::functions::boolean::greaterThanEqual_Boolean_1__Boolean_1__Boolean_1_
greaterThanEqual	meta::pure::functions::boolean::greaterThanEqual_Boolean_1__Boolean_$0_1$__Boolean_1_
greaterThanEqual	meta::pure::functions::boolean::greaterThanEqual_Boolean_$0_1$__Boolean_1__Boolean_1_
greaterThanEqual	meta::pure::functions::boolean::greaterThanEqual_Boolean_$0_1$__Boolean_$0_1$__Boolean_1_
greaterThanEqual	meta::pure::functions::boolean::greaterThanEqual_Date_1__Date_1__Boolean_1_
greaterThanEqual	meta::pure::functions::boolean::greaterThanEqual_Date_1__Date_$0_1$__Boolean_1_
greaterThanEqual	meta::pure::functions::boolean::greaterThanEqual_Date_$0_1$__Date_1__Boolean_1_
greaterThanEqual	meta::pure::functions::boolean::greaterThanEqual_Date_$0_1$__Date_$0_1$__Boolean_1_
greaterThanEqual	meta::pure::functions::boolean::greaterThanEqual_Number_1__Number_1__Boolean_1_
greaterThanEqual	meta::pure::functions::boolean::greaterThanEqual_Number_1__Number_$0_1$__Boolean_1_
greaterThanEqual	meta::pure::functions::boolean::greaterThanEqual_Number_$0_1$__Number_1__Boolean_1_
greaterThanEqual	meta::pure::functions::boolean::greaterThanEqual_Number_$0_1$__Number_$0_1$__Boolean_1_
greaterThanEqual	meta::pure::functions::boolean::greaterThanEqual_String_1__String_1__Boolean_1_
greaterThanEqual	meta::pure::functions::boolean::greaterThanEqual_String_1__String_$0_1$__Boolean_1_
greaterThanEqual	meta::pure::functions::boolean::greaterThanEqual_String_$0_1$__String_1__Boolean_1_
greaterThanEqual	meta::pure::functions::boolean::greaterThanEqual_String_$0_1$__String_$0_1$__Boolean_1_
greatest	meta::pure::functions::collection::greatest_X_$1_MANY$__X_1_
greatest	meta::pure::functions::collection::greatest_X_MANY__X_$0_1$_
groupBy	meta::pure::tds::groupBy_TabularDataSet_1__String_MANY__AggregateValue_MANY__TabularDataSet_1_
groupBy	meta::pure::functions::relation::groupBy_Relation_1__ColSpecArray_1__AggColSpec_1__Relation_1_
groupBy	meta::pure::functions::relation::groupBy_Relation_1__ColSpecArray_1__AggColSpecArray_1__Relation_1_
groupBy	meta::pure::functions::relation::groupBy_Relation_1__ColSpec_1__AggColSpecArray_1__Relation_1_
groupBy	meta::pure::functions::relation::groupBy_Relation_1__ColSpec_1__AggColSpec_1__Relation_1_
groupBy	meta::pure::functions::relation::groupBy_Relation_1__ColSpecArray_1__FuncColSpec_1__Relation_1_
groupBy	meta::pure::functions::relation::groupBy_Relation_1__ColSpecArray_1__FuncColSpecArray_1__Relation_1_
groupBy	meta::pure::functions::relation::groupBy_Relation_1__ColSpec_1__FuncColSpecArray_1__Relation_1_
groupBy	meta::pure::functions::relation::groupBy_Relation_1__ColSpec_1__FuncColSpec_1__Relation_1_
groupBy	meta::pure::tds::groupBy_K_MANY__Function_MANY__AggregateValue_MANY__String_MANY__TabularDataSet_1_
groupByWithWindowSubset	meta::pure::tds::groupByWithWindowSubset_K_MANY__Function_MANY__AggregateValue_MANY__String_MANY__String_MANY__String_MANY__TabularDataSet_1_
hasDay	meta::pure::functions::date::hasDay_Date_1__Boolean_1_
hasHour	meta::pure::functions::date::hasHour_Date_1__Boolean_1_
hasMinute	meta::pure::functions::date::hasMinute_Date_1__Boolean_1_
hasMonth	meta::pure::functions::date::hasMonth_Date_1__Boolean_1_
hasSecond	meta::pure::functions::date::hasSecond_Date_1__Boolean_1_
hasSubsecond	meta::pure::functions::date::hasSubsecond_Date_1__Boolean_1_
hasSubsecondWithAtLeastPrecision	meta::pure::functions::date::hasSubsecondWithAtLeastPrecision_Date_1__Integer_1__Boolean_1_
hasYear	meta::pure::functions::date::hasYear_Date_1__Boolean_1_
hash	meta::pure::functions::hash::hash_String_1__HashType_1__String_1_
hashCode	meta::pure::functions::hash::hashCode_Any_MANY__Integer_1_
head	meta::pure::functions::collection::head_T_MANY__T_$0_1$_
hour	meta::pure::functions::date::hour_Date_1__Integer_1_
humanize	meta::pure::functions::string::humanize_String_1__String_1_
id	meta::pure::functions::meta::id_Any_1__String_1_
if	meta::pure::functions::lang::if_Boolean_1__Function_1__Function_1__T_m_
if	meta::pure::functions::lang::if_Pair_MANY__Function_1__T_m_
in	meta::pure::functions::relation::in_U_$0_1$__Relation_1__Boolean_1_
in	meta::pure::functions::collection::in_Any_1__Any_MANY__Boolean_1_
in	meta::pure::functions::collection::in_Any_$0_1$__Any_MANY__Boolean_1_
indexOf	meta::pure::functions::string::indexOf_String_1__String_1__Integer_1_
indexOf	meta::pure::functions::collection::indexOf_T_MANY__T_1__Integer_1_
indexOf	meta::pure::functions::string::indexOf_String_1__String_1__Integer_1__Integer_1_
init	meta::pure::functions::collection::init_T_MANY__T_MANY_
instanceOf	meta::pure::functions::meta::instanceOf_Any_1__Type_1__Boolean_1_
is	meta::pure::functions::boolean::is_Any_1__Any_1__Boolean_1_
isAfterDay	meta::pure::functions::date::isAfterDay_Date_1__Date_1__Boolean_1_
isAfterDay	meta::pure::functions::date::isAfterDay_Date_$0_1$__Date_1__Boolean_1_
isAfterDay	meta::pure::functions::date::isAfterDay_Date_1__Date_$0_1$__Boolean_1_
isAfterDay	meta::pure::functions::date::isAfterDay_Date_$0_1$__Date_$0_1$__Boolean_1_
isAlphaNumeric	meta::pure::functions::string::isAlphaNumeric_String_1__Boolean_1_
isBeforeDay	meta::pure::functions::date::isBeforeDay_Date_1__Date_1__Boolean_1_
isBeforeDay	meta::pure::functions::date::isBeforeDay_Date_$0_1$__Date_1__Boolean_1_
isBeforeDay	meta::pure::functions::date::isBeforeDay_Date_1__Date_$0_1$__Boolean_1_
isBeforeDay	meta::pure::functions::date::isBeforeDay_Date_$0_1$__Date_$0_1$__Boolean_1_
isDigit	meta::pure::functions::string::isDigit_String_1__Integer_1__Integer_1__Boolean_1_
isDigit	meta::pure::functions::string::isDigit_String_1__Boolean_1_
isDistinct	meta::pure::functions::collection::isDistinct_T_MANY__Boolean_1_
isDistinct	meta::pure::functions::collection::isDistinct_T_MANY__RootGraphFetchTree_1__Boolean_1_
isEmpty	meta::pure::functions::collection::isEmpty_Any_$0_1$__Boolean_1_
isEmpty	meta::pure::functions::collection::isEmpty_Any_MANY__Boolean_1_
isEqual	meta::pure::functions::collection::isEqual_T_1__T_1__RootGraphFetchTree_1__Boolean_1_
isFalse	meta::pure::functions::boolean::isFalse_Boolean_$0_1$__Boolean_1_
isLetter	meta::pure::functions::string::isLetter_String_1__Integer_1__Integer_1__Boolean_1_
isLetter	meta::pure::functions::string::isLetter_String_1__Boolean_1_
isLowerCase	meta::pure::functions::string::isLowerCase_String_1__Boolean_1_
isNoLongerThan	meta::pure::functions::string::isNoLongerThan_String_$0_1$__Integer_1__Boolean_1_
isNoShorterThan	meta::pure::functions::string::isNoShorterThan_String_$0_1$__Integer_1__Boolean_1_
isNotEmpty	meta::pure::functions::collection::isNotEmpty_Any_$0_1$__Boolean_1_
isNotEmpty	meta::pure::functions::collection::isNotEmpty_Any_MANY__Boolean_1_
isOnDay	meta::pure::functions::date::isOnDay_Date_1__Date_1__Boolean_1_
isOnDay	meta::pure::functions::date::isOnDay_Date_$0_1$__Date_1__Boolean_1_
isOnDay	meta::pure::functions::date::isOnDay_Date_1__Date_$0_1$__Boolean_1_
isOnDay	meta::pure::functions::date::isOnDay_Date_$0_1$__Date_$0_1$__Boolean_1_
isOnOrAfterDay	meta::pure::functions::date::isOnOrAfterDay_Date_1__Date_1__Boolean_1_
isOnOrAfterDay	meta::pure::functions::date::isOnOrAfterDay_Date_$0_1$__Date_1__Boolean_1_
isOnOrAfterDay	meta::pure::functions::date::isOnOrAfterDay_Date_1__Date_$0_1$__Boolean_1_
isOnOrAfterDay	meta::pure::functions::date::isOnOrAfterDay_Date_$0_1$__Date_$0_1$__Boolean_1_
isOnOrBeforeDay	meta::pure::functions::date::isOnOrBeforeDay_Date_1__Date_1__Boolean_1_
isOnOrBeforeDay	meta::pure::functions::date::isOnOrBeforeDay_Date_$0_1$__Date_1__Boolean_1_
isOnOrBeforeDay	meta::pure::functions::date::isOnOrBeforeDay_Date_1__Date_$0_1$__Boolean_1_
isOnOrBeforeDay	meta::pure::functions::date::isOnOrBeforeDay_Date_$0_1$__Date_$0_1$__Boolean_1_
isTrue	meta::pure::functions::boolean::isTrue_Boolean_$0_1$__Boolean_1_
isUUID	meta::pure::functions::string::isUUID_String_$0_1$__Boolean_1_
isUpperCase	meta::pure::functions::string::isUpperCase_String_1__Boolean_1_
jaroWinklerSimilarity	meta::pure::functions::string::jaroWinklerSimilarity_String_1__String_1__Float_1_
join	meta::pure::functions::relation::join_Relation_1__Relation_1__JoinKind_1__Function_1__Relation_1_
joinStrings	meta::pure::functions::string::joinStrings_String_MANY__String_1__String_1_
joinStrings	meta::pure::functions::string::joinStrings_String_MANY__String_1__String_1__String_1__String_1_
joinStrings	meta::pure::functions::string::joinStrings_String_MANY__String_1_
joinStrings	meta::pure::functions::relation::joinStrings_Relation_1__ColSpec_1__String_1__String_1_
joinStrings	meta::pure::functions::relation::joinStrings_Relation_1__ColSpec_1__String_1__SortInfo_MANY__String_1_
joinStrings	meta::pure::functions::relation::joinStrings_Relation_1__Function_1__String_1__String_1_
joinStrings	meta::pure::functions::relation::joinStrings_Relation_1__Function_1__String_1__SortInfo_MANY__String_1_
keys	meta::pure::functions::collection::keys_Map_1__U_MANY_
lag	meta::pure::functions::relation::lag_Relation_1__T_1__Integer_1__T_$0_1$_
lag	meta::pure::functions::relation::lag_Relation_1__T_1__T_$0_1$_
last	meta::pure::functions::collection::last_T_MANY__T_$0_1$_
last	meta::pure::functions::relation::last_Relation_1___Window_1__T_1__T_$0_1$_
lastIndexOf	meta::pure::functions::string::lastIndexOf_String_1__String_1__Integer_1_
lastIndexOf	meta::pure::functions::string::lastIndexOf_String_1__String_1__Integer_1__Integer_1_
lateral	meta::pure::functions::relation::lateral_Relation_1__Function_1__Relation_1_
lead	meta::pure::functions::relation::lead_Relation_1__T_1__Integer_1__T_$0_1$_
lead	meta::pure::functions::relation::lead_Relation_1__T_1__T_$0_1$_
least	meta::pure::functions::collection::least_X_$1_MANY$__X_1_
least	meta::pure::functions::collection::least_X_MANY__X_$0_1$_
left	meta::pure::functions::string::left_String_1__Integer_1__String_1_
length	meta::pure::functions::string::length_String_1__Integer_1_
lessThan	meta::pure::functions::boolean::lessThan_Boolean_1__Boolean_1__Boolean_1_
lessThan	meta::pure::functions::boolean::lessThan_Boolean_1__Boolean_$0_1$__Boolean_1_
lessThan	meta::pure::functions::boolean::lessThan_Boolean_$0_1$__Boolean_1__Boolean_1_
lessThan	meta::pure::functions::boolean::lessThan_Boolean_$0_1$__Boolean_$0_1$__Boolean_1_
lessThan	meta::pure::functions::boolean::lessThan_Date_1__Date_1__Boolean_1_
lessThan	meta::pure::functions::boolean::lessThan_Date_1__Date_$0_1$__Boolean_1_
lessThan	meta::pure::functions::boolean::lessThan_Date_$0_1$__Date_1__Boolean_1_
lessThan	meta::pure::functions::boolean::lessThan_Date_$0_1$__Date_$0_1$__Boolean_1_
lessThan	meta::pure::functions::boolean::lessThan_Number_1__Number_1__Boolean_1_
lessThan	meta::pure::functions::boolean::lessThan_Number_1__Number_$0_1$__Boolean_1_
lessThan	meta::pure::functions::boolean::lessThan_Number_$0_1$__Number_1__Boolean_1_
lessThan	meta::pure::functions::boolean::lessThan_Number_$0_1$__Number_$0_1$__Boolean_1_
lessThan	meta::pure::functions::boolean::lessThan_String_1__String_1__Boolean_1_
lessThan	meta::pure::functions::boolean::lessThan_String_1__String_$0_1$__Boolean_1_
lessThan	meta::pure::functions::boolean::lessThan_String_$0_1$__String_1__Boolean_1_
lessThan	meta::pure::functions::boolean::lessThan_String_$0_1$__String_$0_1$__Boolean_1_
lessThanEqual	meta::pure::functions::boolean::lessThanEqual_Boolean_1__Boolean_1__Boolean_1_
lessThanEqual	meta::pure::functions::boolean::lessThanEqual_Boolean_1__Boolean_$0_1$__Boolean_1_
lessThanEqual	meta::pure::functions::boolean::lessThanEqual_Boolean_$0_1$__Boolean_1__Boolean_1_
lessThanEqual	meta::pure::functions::boolean::lessThanEqual_Boolean_$0_1$__Boolean_$0_1$__Boolean_1_
lessThanEqual	meta::pure::functions::boolean::lessThanEqual_Date_1__Date_1__Boolean_1_
lessThanEqual	meta::pure::functions::boolean::lessThanEqual_Date_1__Date_$0_1$__Boolean_1_
lessThanEqual	meta::pure::functions::boolean::lessThanEqual_Date_$0_1$__Date_1__Boolean_1_
lessThanEqual	meta::pure::functions::boolean::lessThanEqual_Date_$0_1$__Date_$0_1$__Boolean_1_
lessThanEqual	meta::pure::functions::boolean::lessThanEqual_Number_1__Number_1__Boolean_1_
lessThanEqual	meta::pure::functions::boolean::lessThanEqual_Number_1__Number_$0_1$__Boolean_1_
lessThanEqual	meta::pure::functions::boolean::lessThanEqual_Number_$0_1$__Number_1__Boolean_1_
lessThanEqual	meta::pure::functions::boolean::lessThanEqual_Number_$0_1$__Number_$0_1$__Boolean_1_
lessThanEqual	meta::pure::functions::boolean::lessThanEqual_String_1__String_1__Boolean_1_
lessThanEqual	meta::pure::functions::boolean::lessThanEqual_String_1__String_$0_1$__Boolean_1_
lessThanEqual	meta::pure::functions::boolean::lessThanEqual_String_$0_1$__String_1__Boolean_1_
lessThanEqual	meta::pure::functions::boolean::lessThanEqual_String_$0_1$__String_$0_1$__Boolean_1_
letFunction	meta::pure::functions::lang::letFunction_String_1__T_m__T_m_
levenshteinDistance	meta::pure::functions::string::levenshteinDistance_String_1__String_1__Integer_1_
limit	meta::pure::tds::limit_TabularDataSet_1__Integer_1__TabularDataSet_1_
limit	meta::pure::tds::limit_TabularDataSet_1__Integer_$0_1$__TabularDataSet_1_
limit	meta::pure::functions::relation::limit_Relation_1__Integer_1__Relation_1_
limit	meta::pure::functions::collection::limit_T_MANY__Integer_1__T_MANY_
list	meta::pure::functions::collection::list_U_MANY__List_1_
log	meta::pure::functions::math::log_Number_1__Float_1_
log10	meta::pure::functions::math::log10_Number_1__Float_1_
lpad	meta::pure::functions::string::lpad_String_1__Integer_1__String_1_
lpad	meta::pure::functions::string::lpad_String_1__Integer_1__String_1__String_1_
ltrim	meta::pure::functions::string::ltrim_String_1__String_1_
makeCamelCase	meta::pure::functions::string::makeCamelCase_String_1__Boolean_1__String_1_
makeCamelCase	meta::pure::functions::string::makeCamelCase_String_1__String_1_
makeString	meta::pure::functions::string::makeString_Pair_MANY__String_1_
makeString	meta::pure::functions::string::makeString_Any_MANY__String_1_
makeString	meta::pure::functions::string::makeString_Any_MANY__String_1__String_1_
makeString	meta::pure::functions::string::makeString_Any_MANY__String_1__String_1__String_1__String_1_
map	meta::pure::functions::collection::map_T_m__Function_1__V_m_
map	meta::pure::functions::collection::map_T_$0_1$__Function_1__V_$0_1$_
map	meta::pure::functions::collection::map_T_MANY__Function_1__V_MANY_
match	meta::pure::functions::lang::match_Any_MANY__Function_$1_MANY$__P_o__T_m_
match	meta::pure::functions::lang::match_Any_MANY__Function_$1_MANY$__T_m_
matches	meta::pure::functions::string::matches_String_1__String_1__Boolean_1_
max	meta::pure::functions::math::max_Integer_1__Integer_1__Integer_1_
max	meta::pure::functions::math::max_Float_1__Float_1__Float_1_
max	meta::pure::functions::math::max_Number_1__Number_1__Number_1_
max	meta::pure::functions::date::max_DateTime_1__DateTime_1__DateTime_1_
max	meta::pure::functions::date::max_StrictDate_1__StrictDate_1__StrictDate_1_
max	meta::pure::functions::date::max_Date_1__Date_1__Date_1_
max	meta::pure::functions::collection::max_T_$1_MANY$__Function_1__T_1_
max	meta::pure::functions::math::max_Integer_$1_MANY$__Integer_1_
max	meta::pure::functions::math::max_Integer_MANY__Integer_$0_1$_
max	meta::pure::functions::math::max_Float_$1_MANY$__Float_1_
max	meta::pure::functions::math::max_Float_MANY__Float_$0_1$_
max	meta::pure::functions::math::max_Number_$1_MANY$__Number_1_
max	meta::pure::functions::math::max_Number_MANY__Number_$0_1$_
max	meta::pure::functions::date::max_DateTime_MANY__DateTime_$0_1$_
max	meta::pure::functions::date::max_StrictDate_MANY__StrictDate_$0_1$_
max	meta::pure::functions::date::max_Date_MANY__Date_$0_1$_
max	meta::pure::functions::collection::max_X_$1_MANY$__X_1_
max	meta::pure::functions::collection::max_X_MANY__X_$0_1$_
maxBy	meta::pure::functions::math::maxBy_RowMapper_MANY__T_$0_1$_
maxBy	meta::pure::functions::math::maxBy_RowMapper_MANY__Integer_1__T_MANY_
maxBy	meta::pure::functions::math::maxBy_T_MANY__Number_MANY__T_$0_1$_
maxBy	meta::pure::functions::math::maxBy_T_MANY__Number_MANY__Integer_1__T_MANY_
mean	meta::pure::functions::math::mean_Float_MANY__Float_1_
mean	meta::pure::functions::math::mean_Integer_MANY__Float_1_
mean	meta::pure::functions::math::mean_Number_MANY__Float_1_
median	meta::pure::functions::math::median_Float_MANY__Float_1_
median	meta::pure::functions::math::median_Integer_MANY__Float_1_
median	meta::pure::functions::math::median_Number_MANY__Float_1_
mergeRuntimes	meta::core::runtime::mergeRuntimes_Any_$1_MANY$__Runtime_1_
min	meta::pure::functions::math::min_Integer_1__Integer_1__Integer_1_
min	meta::pure::functions::math::min_Float_1__Float_1__Float_1_
min	meta::pure::functions::math::min_Number_1__Number_1__Number_1_
min	meta::pure::functions::date::min_DateTime_1__DateTime_1__DateTime_1_
min	meta::pure::functions::date::min_StrictDate_1__StrictDate_1__StrictDate_1_
min	meta::pure::functions::date::min_Date_1__Date_1__Date_1_
min	meta::pure::functions::collection::min_T_$1_MANY$__Function_1__T_1_
min	meta::pure::functions::math::min_Integer_$1_MANY$__Integer_1_
min	meta::pure::functions::math::min_Integer_MANY__Integer_$0_1$_
min	meta::pure::functions::math::min_Float_$1_MANY$__Float_1_
min	meta::pure::functions::math::min_Float_MANY__Float_$0_1$_
min	meta::pure::functions::math::min_Number_$1_MANY$__Number_1_
min	meta::pure::functions::math::min_Number_MANY__Number_$0_1$_
min	meta::pure::functions::date::min_DateTime_MANY__DateTime_$0_1$_
min	meta::pure::functions::date::min_StrictDate_MANY__StrictDate_$0_1$_
min	meta::pure::functions::date::min_Date_MANY__Date_$0_1$_
min	meta::pure::functions::collection::min_X_$1_MANY$__X_1_
min	meta::pure::functions::collection::min_X_MANY__X_$0_1$_
minBy	meta::pure::functions::math::minBy_RowMapper_MANY__T_$0_1$_
minBy	meta::pure::functions::math::minBy_RowMapper_MANY__Integer_1__T_MANY_
minBy	meta::pure::functions::math::minBy_T_MANY__Number_MANY__T_$0_1$_
minBy	meta::pure::functions::math::minBy_T_MANY__Number_MANY__Integer_1__T_MANY_
minus	meta::pure::functions::math::minus_Integer_MANY__Integer_1_
minus	meta::pure::functions::math::minus_Float_MANY__Float_1_
minus	meta::pure::functions::math::minus_Decimal_MANY__Decimal_1_
minus	meta::pure::functions::math::minus_Number_MANY__Number_1_
minute	meta::pure::functions::date::minute_Date_1__Integer_1_
mod	meta::pure::functions::math::mod_Integer_1__Integer_1__Integer_1_
mode	meta::pure::functions::math::mode_Float_MANY__Float_1_
mode	meta::pure::functions::math::mode_Integer_MANY__Integer_1_
mode	meta::pure::functions::math::mode_Number_MANY__Number_1_
month	meta::pure::functions::date::month_Date_1__Month_1_
month	meta::pure::functions::date::month_Integer_1__Month_1_
monthNumber	meta::pure::functions::date::monthNumber_Date_1__Integer_1_
monthNumber	meta::pure::functions::date::monthNumber_Date_$0_1$__Integer_$0_1$_
mostRecentDayOfWeek	meta::pure::functions::date::mostRecentDayOfWeek_Date_1__DayOfWeek_1__Date_1_
mostRecentDayOfWeek	meta::pure::functions::date::mostRecentDayOfWeek_DayOfWeek_1__Date_1_
mtd	meta::pure::functions::date::calendar::mtd_Date_$0_1$__String_1__Date_1__Number_$0_1$__Number_$0_1$_
new	meta::pure::functions::lang::new_Class_1__String_1__KeyExpression_MANY__T_1_
newMap	meta::pure::functions::collection::newMap_Pair_MANY__Map_1_
newUnit	meta::pure::functions::meta::newUnit_Unit_1__Number_1__Any_1_
not	meta::pure::functions::boolean::not_Boolean_1__Boolean_1_
now	meta::pure::functions::date::now__DateTime_1_
nth	meta::pure::functions::relation::nth_Relation_1___Window_1__T_1__Integer_1__T_$0_1$_
ntile	meta::pure::functions::relation::ntile_Relation_1__T_1__Integer_1__Integer_1_
objectReferenceIn	meta::pure::functions::collection::objectReferenceIn_Any_1__String_MANY__Boolean_1_
olapGroupBy	meta::pure::tds::olapGroupBy_TabularDataSet_1__String_MANY__SortInformation_$0_1$__OlapOperation_1__String_1__TabularDataSet_1_
olapGroupBy	meta::pure::tds::olapGroupBy_TabularDataSet_1__String_MANY__SortInformation_$0_1$__FunctionDefinition_1__String_1__TabularDataSet_1_
olapGroupBy	meta::pure::tds::olapGroupBy_TabularDataSet_1__String_MANY__OlapOperation_1__String_1__TabularDataSet_1_
olapGroupBy	meta::pure::tds::olapGroupBy_TabularDataSet_1__String_MANY__FunctionDefinition_1__String_1__TabularDataSet_1_
olapGroupBy	meta::pure::tds::olapGroupBy_TabularDataSet_1__SortInformation_$0_1$__OlapOperation_1__String_1__TabularDataSet_1_
olapGroupBy	meta::pure::tds::olapGroupBy_TabularDataSet_1__SortInformation_$0_1$__FunctionDefinition_1__String_1__TabularDataSet_1_
olapGroupBy	meta::pure::tds::olapGroupBy_TabularDataSet_1__OlapOperation_1__String_1__TabularDataSet_1_
olapGroupBy	meta::pure::tds::olapGroupBy_TabularDataSet_1__FunctionDefinition_1__String_1__TabularDataSet_1_
oneOf	meta::pure::functions::collection::oneOf_Boolean_MANY__Boolean_1_
or	meta::pure::functions::boolean::or_Boolean_1__Boolean_1__Boolean_1_
or	meta::pure::functions::collection::or_Boolean_$1_MANY$__Boolean_1_
or	meta::pure::functions::collection::or_Boolean_MANY__Boolean_1_
orElse	meta::pure::functions::lang::orElse_T_$0_1$__T_1__T_1_
over	meta::pure::functions::relation::over_ColSpec_1___Window_1_
over	meta::pure::functions::relation::over_ColSpecArray_1___Window_1_
over	meta::pure::functions::relation::over_SortInfo_MANY___Window_1_
over	meta::pure::functions::relation::over_ColSpecArray_1__SortInfo_MANY___Window_1_
over	meta::pure::functions::relation::over_ColSpecArray_1__Rows_1___Window_1_
over	meta::pure::functions::relation::over_ColSpec_1__Rows_1___Window_1_
over	meta::pure::functions::relation::over_ColSpec_1__SortInfo_MANY___Window_1_
over	meta::pure::functions::relation::over_SortInfo_1___RangeInterval_1___Window_1_
over	meta::pure::functions::relation::over_SortInfo_1___Range_1___Window_1_
over	meta::pure::functions::relation::over_ColSpec_1__SortInfo_1___RangeInterval_1___Window_1_
over	meta::pure::functions::relation::over_ColSpec_1__SortInfo_1___Range_1___Window_1_
over	meta::pure::functions::relation::over_ColSpecArray_1__SortInfo_1___RangeInterval_1___Window_1_
over	meta::pure::functions::relation::over_ColSpecArray_1__SortInfo_1___Range_1___Window_1_
over	meta::pure::functions::relation::over_ColSpec_1__SortInfo_MANY__Rows_1___Window_1_
over	meta::pure::functions::relation::over_ColSpecArray_1__SortInfo_MANY__Rows_1___Window_1_
p12mtd	meta::pure::functions::date::calendar::p12mtd_Date_$0_1$__String_1__Date_1__Number_$0_1$__Number_$0_1$_
p12wa	meta::pure::functions::date::calendar::p12wa_Date_$0_1$__String_1__Date_1__Number_$0_1$__Number_$0_1$_
p12wtd	meta::pure::functions::date::calendar::p12wtd_Date_$0_1$__String_1__Date_1__Number_$0_1$__Number_$0_1$_
p4wa	meta::pure::functions::date::calendar::p4wa_Date_$0_1$__String_1__Date_1__Number_$0_1$__Number_$0_1$_
p4wtd	meta::pure::functions::date::calendar::p4wtd_Date_$0_1$__String_1__Date_1__Number_$0_1$__Number_$0_1$_
p52wa	meta::pure::functions::date::calendar::p52wa_Date_$0_1$__String_1__Date_1__Number_$0_1$__Number_$0_1$_
p52wtd	meta::pure::functions::date::calendar::p52wtd_Date_$0_1$__String_1__Date_1__Number_$0_1$__Number_$0_1$_
paginated	meta::pure::functions::collection::paginated_T_MANY__Integer_1__Integer_1__T_MANY_
paginated	meta::pure::tds::paginated_TabularDataSet_1__Integer_1__Integer_1__TabularDataSet_1_
pair	meta::pure::functions::collection::pair_U_1__V_1__Pair_1_
parseBoolean	meta::pure::functions::string::parseBoolean_String_1__Boolean_1_
parseDate	meta::pure::functions::string::parseDate_String_1__Date_1_
parseDecimal	meta::pure::functions::string::parseDecimal_String_1__Integer_1__Integer_1__Decimal_1_
parseDecimal	meta::pure::functions::string::parseDecimal_String_1__Decimal_1_
parseFloat	meta::pure::functions::string::parseFloat_String_1__Float_1_
parseInteger	meta::pure::functions::string::parseInteger_String_1__Integer_1_
percentRank	meta::pure::functions::relation::percentRank_Relation_1___Window_1__T_1__Float_1_
percentile	meta::pure::functions::math::percentile_Number_MANY__Float_1__Boolean_1__Boolean_1__Number_$0_1$_
percentile	meta::pure::functions::math::percentile_Number_MANY__Float_1__Number_$0_1$_
pi	meta::pure::functions::math::pi__Float_1_
pivot	meta::pure::functions::relation::pivot_Relation_1__ColSpecArray_1__AggColSpec_1__Relation_1_
pivot	meta::pure::functions::relation::pivot_Relation_1__ColSpecArray_1__AggColSpecArray_1__Relation_1_
pivot	meta::pure::functions::relation::pivot_Relation_1__ColSpec_1__AggColSpecArray_1__Relation_1_
pivot	meta::pure::functions::relation::pivot_Relation_1__ColSpec_1__AggColSpec_1__Relation_1_
pivot	meta::pure::functions::relation::pivot_Relation_1__ColSpec_1__Any_$1_MANY$__AggColSpec_1__Relation_1_
plus	meta::pure::functions::string::plus_String_MANY__String_1_
plus	meta::pure::functions::math::plus_Integer_MANY__Integer_1_
plus	meta::pure::functions::math::plus_Float_MANY__Float_1_
plus	meta::pure::functions::math::plus_Decimal_MANY__Decimal_1_
plus	meta::pure::functions::math::plus_Number_MANY__Number_1_
pma	meta::pure::functions::date::calendar::pma_Date_$0_1$__String_1__Date_1__Number_$0_1$__Number_$0_1$_
pmtd	meta::pure::functions::date::calendar::pmtd_Date_$0_1$__String_1__Date_1__Number_$0_1$__Number_$0_1$_
pow	meta::pure::functions::math::pow_Number_1__Number_1__Number_1_
pqtd	meta::pure::functions::date::calendar::pqtd_Date_$0_1$__String_1__Date_1__Number_$0_1$__Number_$0_1$_
previousDayOfWeek	meta::pure::functions::date::previousDayOfWeek_Date_1__DayOfWeek_1__Date_1_
previousDayOfWeek	meta::pure::functions::date::previousDayOfWeek_DayOfWeek_1__Date_1_
priorDay	meta::pure::functions::date::calendar::priorDay_Date_$0_1$__String_1__Date_1__Number_$0_1$__Number_$0_1$_
priorYear	meta::pure::functions::date::calendar::priorYear_Date_$0_1$__String_1__Date_1__Number_$0_1$__Number_$0_1$_
project	meta::pure::tds::project_T_MANY__Path_MANY__TabularDataSet_1_
project	meta::pure::tds::project_K_MANY__Function_MANY__String_MANY__TabularDataSet_1_
project	meta::pure::tds::project_TabularDataSet_1__ColumnSpecification_MANY__TabularDataSet_1_
project	meta::pure::tds::project_T_MANY__ColumnSpecification_MANY__TabularDataSet_1_
project	meta::pure::functions::relation::project_Relation_1__FuncColSpecArray_1__Relation_1_
project	meta::pure::functions::relation::project_C_MANY__FuncColSpecArray_1__Relation_1_
projectWithColumnSubset	meta::pure::tds::projectWithColumnSubset_T_MANY__ColumnSpecification_MANY__String_MANY__TabularDataSet_1_
projectWithColumnSubset	meta::pure::tds::projectWithColumnSubset_T_MANY__Function_MANY__String_MANY__String_MANY__TabularDataSet_1_
put	meta::pure::functions::collection::put_Map_1__U_1__V_1__Map_1_
putAll	meta::pure::functions::collection::putAll_Map_1__Pair_MANY__Map_1_
putAll	meta::pure::functions::collection::putAll_Map_1__Map_1__Map_1_
pw	meta::pure::functions::date::calendar::pw_Date_$0_1$__String_1__Date_1__Number_$0_1$__Number_$0_1$_
pw_fm	meta::pure::functions::date::calendar::pw_fm_Date_$0_1$__String_1__Date_1__Number_$0_1$__Number_$0_1$_
pwa	meta::pure::functions::date::calendar::pwa_Date_$0_1$__String_1__Date_1__Number_$0_1$__Number_$0_1$_
pwtd	meta::pure::functions::date::calendar::pwtd_Date_$0_1$__String_1__Date_1__Number_$0_1$__Number_$0_1$_
pymtd	meta::pure::functions::date::calendar::pymtd_Date_$0_1$__String_1__Date_1__Number_$0_1$__Number_$0_1$_
pyqtd	meta::pure::functions::date::calendar::pyqtd_Date_$0_1$__String_1__Date_1__Number_$0_1$__Number_$0_1$_
pytd	meta::pure::functions::date::calendar::pytd_Date_$0_1$__String_1__Date_1__Number_$0_1$__Number_$0_1$_
pywa	meta::pure::functions::date::calendar::pywa_Date_$0_1$__String_1__Date_1__Number_$0_1$__Number_$0_1$_
pywtd	meta::pure::functions::date::calendar::pywtd_Date_$0_1$__String_1__Date_1__Number_$0_1$__Number_$0_1$_
qtd	meta::pure::functions::date::calendar::qtd_Date_$0_1$__String_1__Date_1__Number_$0_1$__Number_$0_1$_
quarter	meta::pure::functions::date::quarter_Date_1__Quarter_1_
quarter	meta::pure::functions::date::quarter_Integer_1__Quarter_1_
quarterNumber	meta::pure::functions::date::quarterNumber_Date_1__Integer_1_
range	meta::pure::functions::collection::range_Integer_1__Integer_1__Integer_1__Integer_MANY_
range	meta::pure::functions::collection::range_Integer_1__Integer_1__Integer_MANY_
range	meta::pure::functions::collection::range_Integer_1__Integer_MANY_
rank	meta::pure::functions::math::olap::rank_Any_MANY__Map_1_
rank	meta::pure::functions::relation::rank_Relation_1___Window_1__T_1__Integer_1_
reduce	meta::pure::functions::relation::reduce_Relation_1___Window_1__T_1__Function_1__Function_1__U_m_
reduce	meta::pure::functions::relation::reduce_Relation_1__Function_1__Function_1__U_m_
reduce	meta::pure::functions::relation::reduce_Relation_1__Function_1__Function_1__SortInfo_MANY__U_m_
regexpCount	meta::pure::functions::string::regexpCount_String_1__String_1__Integer_1_
regexpCount	meta::pure::functions::string::regexpCount_String_1__String_1__RegexpParameter_$1_MANY$__Integer_1_
regexpExtract	meta::pure::functions::string::regexpExtract_String_1__String_1__Boolean_1__String_MANY_
regexpExtract	meta::pure::functions::string::regexpExtract_String_1__String_1__Boolean_1__Integer_1__String_MANY_
regexpExtract	meta::pure::functions::string::regexpExtract_String_1__String_1__Boolean_1__RegexpParameter_$1_MANY$__String_MANY_
regexpExtract	meta::pure::functions::string::regexpExtract_String_1__String_1__Boolean_1__Integer_1__RegexpParameter_$1_MANY$__String_MANY_
regexpIndexOf	meta::pure::functions::string::regexpIndexOf_String_1__String_1__Integer_1_
regexpIndexOf	meta::pure::functions::string::regexpIndexOf_String_1__String_1__Integer_1__Integer_1_
regexpIndexOf	meta::pure::functions::string::regexpIndexOf_String_1__String_1__RegexpParameter_$1_MANY$__Integer_1_
regexpIndexOf	meta::pure::functions::string::regexpIndexOf_String_1__String_1__Integer_1__RegexpParameter_$1_MANY$__Integer_1_
regexpLike	meta::pure::functions::string::regexpLike_String_1__String_1__Boolean_1_
regexpLike	meta::pure::functions::string::regexpLike_String_1__String_1__RegexpParameter_$1_MANY$__Boolean_1_
regexpReplace	meta::pure::functions::string::regexpReplace_String_1__String_1__String_1__Boolean_1__String_1_
regexpReplace	meta::pure::functions::string::regexpReplace_String_1__String_1__String_1__Boolean_1__RegexpParameter_$1_MANY$__String_1_
rem	meta::pure::functions::math::rem_Number_1__Number_1__Number_1_
removeDuplicates	meta::pure::functions::collection::removeDuplicates_T_MANY__T_MANY_
removeDuplicates	meta::pure::functions::collection::removeDuplicates_T_MANY__Function_1__T_MANY_
removeDuplicates	meta::pure::functions::collection::removeDuplicates_T_MANY__Function_$0_1$__Function_$0_1$__T_MANY_
removeDuplicatesBy	meta::pure::functions::collection::removeDuplicatesBy_T_MANY__Function_1__T_MANY_
rename	meta::pure::functions::relation::rename_Relation_1__ColSpec_1__ColSpec_1__Relation_1_
renameColumns	meta::pure::tds::renameColumns_TabularDataSet_1__Pair_MANY__TabularDataSet_1_
repeatString	meta::pure::functions::string::repeatString_String_$0_1$__Integer_1__String_$0_1$_
replace	meta::pure::functions::string::replace_String_1__String_1__String_1__String_1_
reportEndDay	meta::pure::functions::date::calendar::reportEndDay_Date_$0_1$__String_1__Date_1__Number_$0_1$__Number_$0_1$_
restrict	meta::pure::tds::restrict_TabularDataSet_1__String_MANY__TabularDataSet_1_
restrictDistinct	meta::pure::tds::restrictDistinct_TabularDataSet_1__String_MANY__TabularDataSet_1_
reverse	meta::pure::functions::collection::reverse_T_m__T_m_
reverseString	meta::pure::functions::string::reverseString_String_1__String_1_
right	meta::pure::functions::string::right_String_1__Integer_1__String_1_
round	meta::pure::functions::math::round_Float_1__Integer_1__Float_1_
round	meta::pure::functions::math::round_Decimal_1__Integer_1__Decimal_1_
round	meta::pure::functions::math::round_Number_1__Integer_1_
rowMapper	meta::pure::functions::math::mathUtility::rowMapper_T_$0_1$__U_$0_1$__RowMapper_1_
rowNumber	meta::pure::functions::math::olap::rowNumber_Any_MANY__Map_1_
rowNumber	meta::pure::functions::relation::rowNumber_Relation_1__T_1__Integer_1_
rows	meta::pure::functions::relation::rows_Integer_1__Integer_1__Rows_1_
rows	meta::pure::functions::relation::rows_UnboundedFrameValue_1__Integer_1__Rows_1_
rows	meta::pure::functions::relation::rows_Integer_1__UnboundedFrameValue_1__Rows_1_
rows	meta::pure::functions::relation::rows_UnboundedFrameValue_1__UnboundedFrameValue_1__Rows_1_
rpad	meta::pure::functions::string::rpad_String_1__Integer_1__String_1_
rpad	meta::pure::functions::string::rpad_String_1__Integer_1__String_1__String_1_
rtrim	meta::pure::functions::string::rtrim_String_1__String_1_
save	meta::pure::mutation::save_T_MANY__RootGraphFetchTree_1__Mapping_1__PackageableRuntime_1__T_MANY_
second	meta::pure::functions::date::second_Date_1__Integer_1_
select	meta::pure::functions::relation::select_Relation_1__ColSpec_1__Relation_1_
select	meta::pure::functions::relation::select_Relation_1__ColSpecArray_1__Relation_1_
select	meta::pure::functions::relation::select_Relation_1__Relation_1_
serialize	meta::pure::graphFetch::execution::serialize_Checked_MANY__RootGraphFetchTree_1__String_1_
serialize	meta::pure::graphFetch::execution::serialize_T_MANY__RootGraphFetchTree_1__String_1_
serialize	meta::pure::graphFetch::execution::serialize_Checked_MANY__RootGraphFetchTree_1__AlloySerializationConfig_1__String_1_
serialize	meta::pure::graphFetch::execution::serialize_T_MANY__RootGraphFetchTree_1__AlloySerializationConfig_1__String_1_
sign	meta::pure::functions::math::sign_Number_1__Integer_1_
sin	meta::pure::functions::math::sin_Number_1__Float_1_
sinh	meta::pure::functions::math::sinh_Number_1__Float_1_
size	meta::pure::functions::relation::size_Relation_1__Integer_1_
size	meta::pure::functions::collection::size_Any_MANY__Integer_1_
slice	meta::pure::tds::slice_TabularDataSet_1__Integer_1__Integer_1__TabularDataSet_1_
slice	meta::pure::functions::relation::slice_Relation_1__Integer_1__Integer_1__Relation_1_
slice	meta::pure::functions::collection::slice_T_MANY__Integer_1__Integer_1__T_MANY_
sort	meta::pure::functions::collection::sort_T_m__T_m_
sort	meta::pure::functions::relation::sort_Relation_1__SortInfo_MANY__Relation_1_
sort	meta::pure::functions::collection::sort_T_m__Function_$0_1$__T_m_
sort	meta::pure::functions::collection::sort_T_m__Function_$0_1$__Function_$0_1$__T_m_
sort	meta::pure::tds::sort_TabularDataSet_1__String_1__SortDirection_1__TabularDataSet_1_
sort	meta::pure::tds::sort_TabularDataSet_1__String_MANY__TabularDataSet_1_
sort	meta::pure::tds::sort_TabularDataSet_1__SortInformation_MANY__TabularDataSet_1_
sortBy	meta::pure::functions::collection::sortBy_T_m__Function_$0_1$__T_m_
split	meta::pure::functions::string::split_String_1__String_1__String_MANY_
splitOnCamelCase	meta::pure::functions::string::splitOnCamelCase_String_1__String_MANY_
splitPart	meta::pure::functions::string::splitPart_String_$0_1$__String_1__Integer_1__String_$0_1$_
sqrt	meta::pure::functions::math::sqrt_Number_1__Float_1_
startsWith	meta::pure::functions::string::startsWith_String_1__String_1__Boolean_1_
startsWith	meta::pure::functions::string::startsWith_String_$0_1$__String_1__Boolean_1_
stdDevPopulation	meta::pure::functions::math::stdDevPopulation_Relation_1___Window_1__T_1__ColSpec_1__Number_1_
stdDevPopulation	meta::pure::functions::math::stdDevPopulation_Number_$1_MANY$__Number_1_
stdDevPopulation	meta::pure::functions::math::stdDevPopulation_Number_MANY__Number_1_
stdDevSample	meta::pure::functions::math::stdDevSample_Number_$1_MANY$__Number_1_
stdDevSample	meta::pure::functions::math::stdDevSample_Number_MANY__Number_1_
subType	meta::pure::functions::lang::subType_Any_m__T_1__T_m_
substr	meta::pure::functions::string::substr_String_1__Integer_1__Integer_1__String_1_
substr	meta::pure::functions::string::substr_String_1__Integer_1__String_1_
substring	meta::pure::functions::string::substring_String_1__Integer_1__Integer_1__String_1_
substring	meta::pure::functions::string::substring_String_1__Integer_1__String_1_
substringAfter	meta::pure::functions::string::substringAfter_String_1__String_1__String_1_
substringBefore	meta::pure::functions::string::substringBefore_String_1__String_1__String_1_
sum	meta::pure::functions::math::sum_Float_MANY__Float_1_
sum	meta::pure::functions::math::sum_Integer_MANY__Integer_1_
sum	meta::pure::functions::math::sum_Number_MANY__Number_1_
tail	meta::pure::functions::collection::tail_T_MANY__T_MANY_
take	meta::pure::tds::take_TabularDataSet_1__Integer_1__TabularDataSet_1_
take	meta::pure::functions::collection::take_T_MANY__Integer_1__T_MANY_
tan	meta::pure::functions::math::tan_Number_1__Float_1_
tanh	meta::pure::functions::math::tanh_Number_1__Float_1_
tdsContains	meta::pure::tds::tdsContains_T_1__Function_MANY__TabularDataSet_1__Boolean_1_
tdsContains	meta::pure::tds::tdsContains_T_1__Function_MANY__String_MANY__TabularDataSet_1__Function_1__Boolean_1_
tdsRows	meta::pure::tds::tdsRows_TabularDataSet_1__TDSRow_MANY_
timeBucket	meta::pure::functions::date::timeBucket_DateTime_1__Integer_1__DurationUnit_1__DateTime_1_
timeBucket	meta::pure::functions::date::timeBucket_DateTime_$0_1$__Integer_1__DurationUnit_1__DateTime_$0_1$_
timeBucket	meta::pure::functions::date::timeBucket_StrictDate_1__Integer_1__DurationUnit_1__StrictDate_1_
timeBucket	meta::pure::functions::date::timeBucket_StrictDate_$0_1$__Integer_1__DurationUnit_1__StrictDate_$0_1$_
times	meta::pure::functions::math::times_Integer_MANY__Integer_1_
times	meta::pure::functions::math::times_Float_MANY__Float_1_
times	meta::pure::functions::math::times_Number_MANY__Number_1_
times	meta::pure::functions::math::times_Decimal_MANY__Decimal_1_
to	meta::pure::functions::variant::convert::to_Variant_$0_1$__T_$0_1$__T_$0_1$_
to	meta::pure::functions::variant::convert::to_Variant_$0_1$__T_$0_1$__String_1__Pair_MANY__T_$0_1$_
toDecimal	meta::pure::functions::math::toDecimal_Number_1__Decimal_1_
toDegrees	meta::pure::functions::math::toDegrees_Number_1__Float_1_
toEpochValue	meta::pure::functions::date::toEpochValue_Date_1__Integer_1_
toEpochValue	meta::pure::functions::date::toEpochValue_Date_1__DurationUnit_1__Integer_1_
toFloat	meta::pure::functions::math::toFloat_Number_1__Float_1_
toJSON	meta::json::toJSON_Any_MANY__String_1_
toJSON	meta::json::toJSON_T_MANY__LambdaFunction_MANY__String_1_
toJson	meta::pure::functions::variant::convert::toJson_Variant_1__String_1_
toLower	meta::pure::functions::string::toLower_String_1__String_1_
toLowerFirstCharacter	meta::pure::functions::string::toLowerFirstCharacter_String_1__String_1_
toMany	meta::pure::functions::variant::convert::toMany_Variant_$0_1$__T_$0_1$__T_MANY_
toMany	meta::pure::functions::variant::convert::toMany_Variant_$0_1$__T_$0_1$__String_1__Pair_MANY__T_MANY_
toOne	meta::pure::functions::multiplicity::toOne_T_MANY__T_1_
toOneMany	meta::pure::functions::multiplicity::toOneMany_T_MANY__T_$1_MANY$_
toRadians	meta::pure::functions::math::toRadians_Number_1__Float_1_
toString	meta::pure::functions::string::toString_Any_1__String_1_
toUpper	meta::pure::functions::string::toUpper_String_1__String_1_
toUpperFirstCharacter	meta::pure::functions::string::toUpperFirstCharacter_String_1__String_1_
toVariant	meta::pure::functions::variant::convert::toVariant_Any_MANY__Variant_1_
today	meta::pure::functions::date::today__StrictDate_1_
trim	meta::pure::functions::string::trim_String_1__String_1_
type	meta::pure::functions::meta::type_Any_MANY__Type_1_
typeName	meta::pure::functions::meta::typeName_Any_1__String_1_
typePath	meta::pure::functions::meta::typePath_Any_1__String_1_
unbounded	meta::pure::functions::relation::unbounded__UnboundedFrameValue_1_
union	meta::pure::functions::collection::union_T_MANY__T_MANY__T_MANY_
uniqueValueOnly	meta::pure::functions::collection::uniqueValueOnly_T_MANY__T_$0_1$__T_$0_1$_
uniqueValueOnly	meta::pure::functions::collection::uniqueValueOnly_T_MANY__T_$0_1$_
unitType	meta::pure::executionPlan::engine::java::unitType_Any_1__String_1_
unitValue	meta::pure::executionPlan::engine::java::unitValue_Any_1__Number_1_
values	meta::pure::functions::collection::values_Map_1__V_MANY_
variance	meta::pure::functions::math::variance_Number_MANY__Boolean_1__Number_1_
variancePopulation	meta::pure::functions::math::variancePopulation_Number_MANY__Number_1_
varianceSample	meta::pure::functions::math::varianceSample_Number_MANY__Number_1_
warn	meta::pure::functions::constraints::warn_Boolean_1__String_1__Boolean_1_
wavg	meta::pure::functions::math::wavg_Number_MANY__Number_MANY__Float_1_
wavg	meta::pure::functions::math::wavg_RowMapper_MANY__Float_1_
wavgRowMapper	meta::pure::functions::math::wavgUtility::wavgRowMapper_Number_$0_1$__Number_$0_1$__WavgRowMapper_1_
weekOfYear	meta::pure::functions::date::weekOfYear_Date_1__Integer_1_
weekOfYear	meta::pure::functions::date::weekOfYear_Date_$0_1$__Integer_$0_1$_
whenSubType	meta::pure::functions::lang::whenSubType_Any_1__T_1__T_$0_1$_
whenSubType	meta::pure::functions::lang::whenSubType_Any_$0_1$__T_1__T_$0_1$_
whenSubType	meta::pure::functions::lang::whenSubType_Any_MANY__T_1__T_MANY_
with	meta::pure::mapping::with_T_m__Runtime_1__T_m_
with	meta::pure::mapping::with_T_m__PackageableRuntime_1__T_m_
with	meta::pure::mapping::with_T_m__Mapping_1__Runtime_1__T_m_
with	meta::pure::mapping::with_T_m__Mapping_1__PackageableRuntime_1__T_m_
withChainedMappings	meta::pure::mapping::withChainedMappings_T_m__Mapping_MANY__T_m_
withFeatureFlags	meta::pure::executionPlan::featureFlag::withFeatureFlags_T_MANY__Enum_MANY__T_MANY_
withMapping	meta::pure::mapping::withMapping_T_m__Mapping_1__T_m_
wrapPrimitiveInTDS	meta::pure::functions::relation::wrapPrimitiveInTDS_T_MANY__T_1__TDS_1_
write	meta::pure::functions::relation::write_Relation_1__RelationElementAccessor_1__Integer_1_
wtd	meta::pure::functions::date::calendar::wtd_Date_$0_1$__String_1__Date_1__Number_$0_1$__Number_$0_1$_
xor	meta::pure::functions::boolean::xor_Boolean_1__Boolean_1__Boolean_1_
year	meta::pure::functions::date::year_Date_1__Integer_1_
year	meta::pure::functions::date::year_Date_$0_1$__Integer_$0_1$_
ytd	meta::pure::functions::date::calendar::ytd_Date_$0_1$__String_1__Date_1__Number_$0_1$__Number_$0_1$_
zScore	meta::pure::functions::math::zScore_Relation_1___Window_1__T_1__ColSpec_1__Float_1_
zip	meta::pure::functions::collection::zip_T_MANY__U_MANY__Pair_MANY_
