repository	side	files	lines	dependencies	pattern
core	engine	574	135215	platform,platform_dsl_store,platform_dsl_mapping,platform_dsl_path,platform_dsl_graph,platform_dsl_tds,platform_dsl_diagram,platform_store_relational,core_functions_standard,core_functions_unclassified,core_functions_json,core_functions_relation	(meta::json|meta::protocols|meta::external::format::shared|meta::pure|meta::core|meta::external::store::model|meta::alloy|meta::external::format::yaml|meta::legend)(::.*)?
core_analytics_binding	engine	1	37	platform,core_functions_unclassified,core_functions_json,core	(meta::analytics::binding)(::.*)?
core_analytics_class	engine	2	181	platform,core_functions_unclassified,core_functions_standard	(meta::analytics::class)(::.*)?
core_analytics_function	engine	1	57	platform,core_functions_unclassified,core_functions_json,core	(meta::analytics::function)(::.*)?
core_analytics_lineage	engine	12	4029	platform,platform_dsl_store,platform_dsl_mapping,platform_precise_primitives,platform_store_relational,core_functions_json,core_functions_standard,core_functions_unclassified,core_functions_relation,core_relational,core_external_query_sql_expression,core	(meta::analytics::lineage|meta::pure::lineage)(::.*)?
core_analytics_mapping	engine	6	1787	platform,platform_dsl_mapping,platform_store_relational,core_functions_json,core_functions_standard,core_functions_unclassified,core_analytics_class,core_relational,core_external_compiler,core	(meta::analytics::mapping)(::.*)?
core_analytics_quality	engine	13	2332	platform,platform_dsl_store,platform_dsl_mapping,platform_store_relational,core_functions_json,core_functions_unclassified,core_functions_standard,core,core_external_compiler,core_data_space_metamodel	(meta::analytics::quality|meta::pure::quality)(::.*)?
core_analytics_search	engine	4	1374	platform,platform_dsl_store,platform_dsl_mapping,platform_store_relational,core_functions_json,core_functions_unclassified,core,core_relational,core_service,core_diagram,core_diagram_metamodel,core_data_space_metamodel,core_analytics_lineage,core_external_compiler,core_analytics_mapping	(meta::analytics::search|meta::pure::search)(::.*)?
core_analytics_test_coverage	engine	3	399	platform,platform_dsl_tds,platform_dsl_mapping,platform_dsl_store,platform_store_relational,core_external_compiler,core_functions_relation,core,core_functions_standard,core_functions_unclassified,core_functions_relation,core_functions_json,core_relational,core_relational_mft,core_analytics_lineage	(meta::analytics::testCoverage)(::.*)?|meta::pure(::.*)?
core_authentication	engine	77	2671	platform,core_functions_unclassified,core	(meta::pure::runtime::connection::authentication|meta::protocols::pure)(::.*)?
core_bigqueryfunction	engine	1	26	platform,core_function_activator,core_relational	(meta::external::function::activator::bigQueryFunction|meta::protocols)(::.*)?
core_compiler_test	engine	1	19	platform,core	(meta::legend)(::.*)?
core_configuration	engine	1	71	platform,core_functions_unclassified,core,core_service,core_external_language_java,core_java_platform_binding,core_java_platform_binding_external_format,core_external_language_java_conventions_essential,core_relational,core_relational_java_platform_binding,core_servicestore,core_servicestore_java_platform_binding,core_external_format_flatdata_java_platform_binding,core_external_format_json_java_platform_binding,core_external_format_xml_java_platform_binding	(meta::pure::extension::configuration)(::.*)?
core_data_space	engine	1	241	platform,platform_dsl_mapping,core_functions_unclassified,core,core_diagram_metamodel,core_diagram,core_analytics_mapping,core_external_compiler,core_data_space_metamodel	(meta::pure::metamodel::dataSpace)(::.*)?
core_data_space_metamodel	engine	4	587	platform,platform_dsl_mapping,core_functions_unclassified,core,core_diagram_metamodel	(meta::pure::metamodel::dataSpace|meta::pure::mapping)(::.*)?
core_dataquality	engine	11	3293	core,core_relational,core_data_space_metamodel,core_functions_unclassified,core_functions_relation,core_functions_standard,core_functions_standard,core_external_query_sql,core_external_store_relational_postgres_sql_model,platform,platform_dsl_store,platform_dsl_graph,platform_dsl_mapping,platform_precise_primitives,platform_store_relational	(meta::external::dataquality|meta::protocols)(::.*)?
core_dataquality_test	engine	9	2992	core,core_relational,core_functions_relation,core_data_space_metamodel,core_functions_unclassified,core_functions_standard,platform,platform_dsl_store,platform_dsl_graph,platform_dsl_mapping,platform_store_relational,platform_precise_primitives,core_dataquality,core_external_compiler,core_external_query_sql	(meta::external::dataquality::tests|meta::protocols)(::.*)?
core_deephaven_execution_test	engine	1	18	core_deephaven_java_platform_binding,platform,core_functions_unclassified,core_functions_json,platform_dsl_mapping,platform_dsl_store,core_functions_standard,core,core_authentication,core_external_compiler,core_external_execution,core_external_format_json,core_deephaven_pure	(meta::external::store::deephaven::executionTest)(::.*)?
core_deephaven_java_platform_binding	engine	2	886	platform,platform_dsl_graph,platform_dsl_mapping,core_functions_standard,core_functions_unclassified,core,core_deephaven_pure,core_external_language_java,core_java_platform_binding,core_external_language_java_conventions_essential	(meta::external::store::deephaven::executionPlan::platformBinding)(::.*)?
core_deephaven_pct	engine	1	447	platform,platform_dsl_store,platform_dsl_tds,core,core_deephaven_execution_test,core_deephaven_pure,core_deephaven_java_platform_binding,core_external_compiler,core_external_execution,core_functions_json,core_functions_relation,core_functions_standard,core_functions_unclassified	(meta::external::store::deephaven::tests::pct)(::.*)?
core_deephaven_pure	engine	13	2168	platform,platform_dsl_store,platform_dsl_tds,platform_dsl_mapping,platform_precise_primitives,core_functions_unclassified,core_functions_json,core_functions_standard,core_functions_relation,core,core_authentication,core_function_activator	(meta::external::store::deephaven|meta::external::function::activator::deephavenApp|meta::protocols::pure)(::.*)?
core_diagram	engine	3	262	platform,core_functions_unclassified,core_diagram_metamodel,core,core_external_compiler	(meta::pure::milestoning|meta::pure::functions::meta|meta::pure::metamodel::diagram|meta::protocols::pure::vX_X_X::diagram)(::.*)?
core_diagram_metamodel	engine	2	352	platform,platform_dsl_diagram	(meta::pure::metamodel::diagram)(::.*)?
core_elasticsearch_execution_test	engine	30	3809	platform,platform_dsl_mapping,core_functions_json,core_functions_unclassified,core_functions_standard,core,core_authentication,core_elasticsearch_seven_metamodel,core_external_execution,core_external_compiler	(meta::external::store::elasticsearch::executionTest)(::.*)?
core_elasticsearch_seven_metamodel	engine	15	14250	platform,platform_dsl_mapping,platform_dsl_store,core_functions_unclassified,core_functions_standard,core,core_authentication	(meta::external::store::elasticsearch::v7)(::.*)?
core_elasticsearch_specification_metamodel	engine	3	1813	platform,core_functions_json,core_functions_standard,core_functions_unclassified,core,core_external_language_java,core_protocol_generation	(meta::external::store::elasticsearch::specification::metamodel)(::.*)?
core_external_compiler	engine	1	23	platform	(meta::legend)(::.*)?
core_external_execution	engine	1	40	platform,platform_dsl_store,core	(meta::legend)(::.*)?
core_external_extensions	engine	2	44	platform,core	(meta::pure::extension::runtime)(::.*)?
core_external_format_arrow	engine	2	77	platform,core_functions_unclassified,core	(meta::external::format::arrow|meta::protocols::pure)(::.*)?
core_external_format_avro	engine	28	2801	platform,core_functions_json,core_functions_unclassified,core,core_generation	(meta::external::format::avro|meta::protocols::pure)(::.*)?
core_external_format_flatdata	engine	13	2885	platform,platform_dsl_diagram,platform_dsl_graph,platform_dsl_mapping,core_functions_unclassified,core	(meta::external::format::flatdata)(::.*)?
core_external_format_flatdata_java_platform_binding	engine	5	1226	platform,platform_dsl_graph,core,core_external_format_flatdata,core_external_language_java,core_java_platform_binding,core_java_platform_binding_external_format,core_external_language_java_conventions_essential	(meta::external::format::flatdata::executionPlan::platformBinding::legendJava)(::.*)?
core_external_format_json	engine	25	10931	platform,platform_dsl_mapping,platform_dsl_path,platform_dsl_graph,core_functions_json,core_functions_standard,core_functions_unclassified,core,core_generation	(meta::external::format::json|meta::json)(::.*)?
core_external_format_json_java_platform_binding	engine	6	1125	platform,platform_dsl_graph,core_functions_standard,core,core_external_format_json,core_external_language_java,core_java_platform_binding,core_java_platform_binding_external_format,core_external_language_java_conventions_essential	(meta::external::format::json::executionPlan::platformBinding::legendJava)(::.*)?
core_external_format_openapi	engine	7	2320	platform,core_functions_standard,core_functions_unclassified,core_functions_relation,core_functions_json,platform_dsl_mapping,platform_dsl_path,platform_dsl_graph,core,core_generation,core_service,core_relational,platform_store_relational	(meta::external::function::description::openapi)(::.*)?
core_external_format_powerbi	engine	6	1095	platform,core_functions_unclassified,core_functions_json,core_functions_relation,core_functions_standard,platform_dsl_mapping,platform_dsl_path,platform_dsl_store,platform_dsl_graph,core,core_generation,core_service,core_relational,core_relational_snowflake,platform_store_relational,core_data_space_metamodel	(meta::external::powerbi)(::.*)?
core_external_format_protobuf	engine	20	3524	platform,platform_dsl_diagram,core_functions_json,core_functions_unclassified,core,core_generation	(meta::external::format::protobuf|meta::protocols::pure)(::.*)?
core_external_format_rosetta	engine	6	552	platform,core_functions_standard,core_functions_unclassified,core_generation	(meta::external::format::rosetta|meta::protocols::pure)(::.*)?
core_external_format_xml	engine	13	4374	platform,platform_dsl_diagram,platform_dsl_graph,platform_dsl_mapping,core_functions_unclassified,core_functions_standard,core	(meta::external::format::xml|meta::protocols::pure)(::.*)?
core_external_format_xml_java_platform_binding	engine	5	665	platform,core,core_external_format_xml,core_external_language_java,core_java_platform_binding,core_java_platform_binding_external_format,core_external_language_java_conventions_essential	(meta::external::format::xml::executionPlan::platformBinding::legendJava)(::.*)?
core_external_language_daml	engine	7	251	platform,core,core_generation,core_external_language_haskell	(meta::external::language::daml)(::.*)?
core_external_language_haskell	engine	8	1096	platform,core_functions_unclassified,core	(meta::external::language::haskell)(::.*)?
core_external_language_java	engine	9	10088	platform,platform_dsl_diagram,platform_dsl_graph,platform_dsl_mapping,core_functions_json,core_functions_standard,core_functions_unclassified,core	(meta::external::language::java|meta::protocols::generation::java)(::.*)?
core_external_language_java_compiler	engine	1	141	platform,core_external_language_java	meta::external::language::java::compiler(::.*)?
core_external_language_java_conventions_essential	engine	16	1259	platform,core_external_language_java	(meta::external::language::java|meta::protocols::generation::java|meta::pure::executionPlan::platformBinding::legendJava)(::.*)?
core_external_language_java_conventions_standard	engine	3	109	platform,core_functions_standard,core_external_language_java,core_external_language_java_conventions_essential	(meta::external::language::java|meta::protocols::generation::java|meta::pure::executionPlan::platformBinding::legendJava)(::.*)?
core_external_language_java_feature_based_generation	engine	3	2567	platform,core_functions_unclassified,core,core_generation,core_external_language_java	(meta::external::language::java::generation::featureBased)(::.*)?
core_external_language_morphir	engine	6	2970	platform,core_functions_json,core,core_generation	(meta::external::language::morphir)(::.*)?
core_external_python_execution	engine	1	22	platform	(meta::python::execution)(::.*)?
core_external_python_reverse_pct_legend_ql	engine	3	7161	platform,platform_dsl_store,platform_dsl_tds,platform_store_relational,core,core_reverse_pct,core_functions_unclassified,core_functions_standard,core_functions_relation,core_external_python_execution,core_external_python_reverse_pct_shared	(meta::external::python::reversePCT::legendQL)(::.*)?
core_external_python_reverse_pct_pandas_api	engine	3	8501	platform,platform_dsl_store,platform_dsl_tds,platform_store_relational,core,core_reverse_pct,core_functions_unclassified,core_functions_standard,core_functions_relation,core_external_python_execution,core_external_python_reverse_pct_shared	(meta::external::python::reversePCT::pandasAPI)(::.*)?
core_external_python_reverse_pct_shared	engine	14	3236	platform,platform_dsl_store,platform_dsl_tds,platform_store_relational,core,core_reverse_pct,core_functions_unclassified,core_functions_standard,core_functions_relation,core_external_python_execution	(meta::external::python::reversePCT::shared)(::.*)?
core_external_query_graphql	engine	45	8347	platform,platform_dsl_graph,platform_dsl_mapping,platform_dsl_store,core_functions_standard,core_functions_unclassified,core,core_generation,core_external_compiler,core_relational,core_external_query_graphql_metamodel	(meta::external::query::graphQL)(::.*)?
core_external_query_graphql_metamodel	engine	4	1579	platform,platform_dsl_diagram,core_functions_standard	(meta::external::query::graphQL)(::.*)?
core_external_query_relationalai	engine	50	8899	platform,platform_dsl_store,platform_dsl_mapping,platform_dsl_path,platform_store_relational,core_functions_unclassified,core_functions_json,core_functions_standard,core,core_relational	(meta::external::store::rel)(::.*)?
core_external_query_sql	engine	19	14732	platform,platform_dsl_mapping,platform_dsl_store,platform_store_relational,platform_dsl_tds,platform_precise_primitives,core_functions_unclassified,core_functions_variant,core_functions_standard,core_functions_json,core_functions_relation,core,core_service,core_relational,core_external_compiler,core_external_store_relational_postgres_sql_parser,core_external_store_relational_postgres_sql_model,core_external_extensions,core_external_query_sql_expression	(meta::external::query::sql)(::.*)?
core_external_query_sql_expression	engine	2	75	platform,platform_dsl_store,core,core_external_store_relational_postgres_sql_model	(meta::external::query::sql::expression)(::.*)?
core_external_query_sql_expression_tests	engine	2	128	platform,platform_dsl_mapping,core_functions_unclassified,core,core_external_extensions,core_external_compiler,core_relational	(meta::external::query::sql::expression)(::.*)?
core_external_query_sql_reverse_pct	engine	136	15323	platform,core,core_functions_unclassified,core_functions_standard,core_functions_relation,core_functions_variant,core_external_query_sql,core_reverse_pct,platform_dsl_store,platform_dsl_tds,platform_store_relational,core_external_compiler,core_relational,core_external_test_connection	(meta::external::query::sql::reversePCT|meta::external::query::reversePCT::generator)(::.*)?
core_external_store_relational_postgres_sql_model	engine	2	679	platform	(meta::external::query::sql)(::.*)?
core_external_store_relational_postgres_sql_model_extensions	engine	1	168	platform,core_external_store_relational_postgres_sql_model	(meta::external::query::sql)(::.*)?
core_external_store_relational_postgres_sql_parser	engine	2	208	platform,core_functions_unclassified,core_functions_json,core,core_external_store_relational_postgres_sql_model	(meta::external::store::relational::postgresSql::parser)(::.*)?
core_external_store_relational_sdt	engine	9	2621	platform,platform_dsl_store,platform_dsl_mapping,platform_dsl_path,platform_dsl_graph,platform_dsl_diagram,platform_store_relational,core_functions_standard,core_functions_unclassified,core_functions_json,core,core_external_store_relational_postgres_sql_model,core_external_store_relational_postgres_sql_model_extensions,core_external_store_relational_postgres_sql_parser,core_external_store_relational_sql_dialect_translation	(meta::external::store::relational::sdt)(::.*)?
core_external_store_relational_sql_dialect_translation	engine	116	12056	platform,core_functions_standard,core_functions_unclassified,core,core_external_store_relational_postgres_sql_model,core_external_store_relational_postgres_sql_model_extensions	(meta::external::store::relational::sqlDialectTranslation)(::.*)?
core_external_store_relational_sql_dialect_translation_duckdb	engine	2	862	platform,core_functions_standard,core_functions_unclassified,core,core_external_store_relational_postgres_sql_model,core_external_store_relational_postgres_sql_model_extensions,core_external_store_relational_sql_dialect_translation	(meta::external::store::relational::sqlDialectTranslation::duckDB)(::.*)?
core_external_store_relational_sql_dialect_translation_h2	engine	2	1303	platform,core_functions_standard,core_functions_unclassified,core,core_external_store_relational_postgres_sql_model,core_external_store_relational_postgres_sql_model_extensions,core_external_store_relational_sql_dialect_translation	(meta::external::store::relational::sqlDialectTranslation::h2)(::.*)?
core_external_store_relational_sql_dialect_translation_memsql	engine	1	1976	platform,core_functions_standard,core_functions_unclassified,core,core_external_store_relational_postgres_sql_model,core_external_store_relational_postgres_sql_model_extensions,core_external_store_relational_sql_dialect_translation	(meta::external::store::relational::sqlDialectTranslation::memSQL)(::.*)?
core_external_store_relational_sql_dialect_translation_snowflake	engine	2	953	platform,core_functions_standard,core_functions_unclassified,core,core_external_store_relational_postgres_sql_model,core_external_store_relational_postgres_sql_model_extensions,core_external_store_relational_sql_dialect_translation	(meta::external::store::relational::sqlDialectTranslation::snowflake)(::.*)?
core_external_store_relational_sql_planning	engine	8	2040	platform,core_functions_standard,core_functions_unclassified,core_functions_json,core,core_external_store_relational_postgres_sql_model,core_external_store_relational_postgres_sql_parser,core_external_store_relational_sql_dialect_translation	(meta::external::store::relational::sqlPlanning)(::.*)?
core_external_tableformat_iceberg	engine	1	124	platform,core	(meta::external::catalog::iceberg|meta::protocols::pure)(::.*)?
core_external_test_connection	engine	3	1162	platform,platform_dsl_mapping,platform_dsl_store,platform_dsl_tds,platform_store_relational,core_external_compiler,core_functions_relation,core_functions_json,core,core_functions_standard,core_functions_variant,core_functions_unclassified,core_relational	(meta::pure::testConnection|meta::relational::relation|meta::relational::tests::pct)(::.*)?
core_function_activator	engine	2	97	core_analytics_lineage,core_functions_standard,platform,core	(meta::external::function::activator|meta::protocols)(::.*)?
core_functionjar	engine	2	160	platform,platform_dsl_graph,platform_dsl_mapping,platform_dsl_store,platform_store_relational,core_functions_unclassified,core_functions_standard,core_functions_json,core_relational,core_function_activator,core_service,core,core_data_space_metamodel,core_analytics_lineage,core_hostedservice	(meta::external::function::activator::functionJar|meta::protocols)(::.*)?
core_functions_json	engine	1	99	platform	(meta::json|meta::pure::functions)(::.*)?
core_functions_relation	engine	65	18942	platform,platform_dsl_tds,platform_precise_primitives,core_functions_unclassified,core_functions_variant	(meta::pure::functions::relation)(::.*)?
core_functions_standard	engine	55	5442	platform,core_functions_variant,core_functions_relation	(meta::pure::milestoning|meta::pure::functions)(::.*)?
core_functions_unclassified	engine	65	2850	platform	(meta::pure::functions|meta::pure|meta::core|meta::alloy|meta::legend|meta::vcs)(::.*)?
core_functions_variant	engine	7	819	platform,core_functions_json	(meta::pure::functions::variant)(::.*)?
core_generation	engine	18	824	platform,core_functions_standard,core_functions_unclassified	(meta::pure::generation|meta::protocols)(::.*)?
core_hostedservice	engine	4	1026	platform,platform_dsl_graph,platform_dsl_mapping,platform_dsl_store,platform_store_relational,core_functions_unclassified,core_functions_standard,core_functions_json,core_relational,core_function_activator,core_service,core,core_data_space_metamodel,core_analytics_lineage	(meta::external::function::activator::hostedService|meta::protocols)(::.*)?
core_java_platform_binding	engine	46	10523	platform,platform_dsl_store,platform_dsl_mapping,platform_dsl_graph,core_functions_json,core_functions_unclassified,core_functions_standard,core,core_external_language_java,core_external_language_java_conventions_essential,core_external_language_java_conventions_standard,core_external_language_java_feature_based_generation	(meta::pure::executionPlan::platformBinding::legendJava|meta::pure::mapping::modelToModel::executionPlan::platformBinding::legendJava)(::.*)?
core_java_platform_binding_external_format	engine	5	942	platform,platform_dsl_mapping,platform_dsl_graph,core_functions_standard,core,core_external_language_java,core_java_platform_binding,core_external_language_java_conventions_essential	(meta::pure::executionPlan::platformBinding::legendJava|meta::external::format::shared::executionPlan::platformBinding::legendJava)(::.*)?
core_memsqlfunction	engine	2	87	core,platform,platform_dsl_graph,platform_dsl_mapping,platform_store_relational,core_functions_json,core_functions_unclassified,core_relational,core_function_activator,core_relational,core_analytics_lineage	(meta::external::function::activator::memSqlFunction|meta::protocols)(::.*)?
core_mongodb_execution_test	engine	4	937	platform,core_functions_unclassified,core_functions_json,platform_dsl_mapping,platform_dsl_store,platform_dsl_graph,core,core_external_compiler,core_external_execution,core_external_format_json,core_nonrelational_mongodb	(meta::external::store::mongodb::executionTest)(::.*)?
core_nonrelational_mongodb	engine	26	3829	platform,platform_dsl_mapping,platform_dsl_store,platform_dsl_graph,platform_dsl_path,core_functions_json,core_functions_standard,core_functions_unclassified,core,core_authentication	(meta::external::store::mongodb|meta::protocols::pure)(::.*)?
core_nonrelational_mongodb_java_platform_binding	engine	1	476	platform,platform_dsl_graph,platform_dsl_mapping,core_functions_standard,core_functions_unclassified,core,core_external_format_json,core_nonrelational_mongodb,core_external_language_java,core_java_platform_binding,core_java_platform_binding_external_format,core_external_language_java_conventions_essential,core_external_format_json_java_platform_binding	(meta::external::store::mongodb::executionPlan::platformBinding)(::.*)?
core_persistence	engine	13	4228	platform,platform_dsl_mapping,platform_dsl_store,platform_dsl_graph,platform_dsl_path,platform_store_relational,core,core_service,core_relational	(meta::pure::persistence)(::.*)?
core_persistence_cloud	engine	2	257	platform,core_functions_unclassified,platform_dsl_store,platform_dsl_graph,platform_store_relational,core,core_persistence	(meta::pure::persistence)(::.*)?
core_persistence_relational	engine	3	595	platform,core_functions_unclassified,platform_dsl_mapping,platform_dsl_graph,platform_dsl_path,platform_store_relational,core,core_relational,core_persistence	(meta::pure::persistence::relational)(::.*)?
core_protocol_generation	engine	14	3788	platform,platform_dsl_store,platform_dsl_mapping,core_functions_standard,core_functions_unclassified,core_external_language_java,core_external_language_java_conventions_essential,core_external_language_java_conventions_standard,core	(meta::protocols::generation::java|meta::protocols::generation::pure)(::.*)?
core_pure_changetoken	engine	26	2315	platform,core_functions_unclassified,core_functions_json,core,core_external_language_java	(meta::pure::changetoken)(::.*)?
core_pure_changetoken_test	engine	47	6438	core_pure_changetoken,platform,core_functions_standard,core_functions_json,core,core_external_language_java,core_external_language_java_compiler	(meta::pure::changetoken)(::.*)?
core_relational	engine	553	171040	platform,platform_dsl_store,platform_dsl_mapping,platform_dsl_graph,platform_dsl_path,platform_dsl_tds,platform_store_relational,platform_precise_primitives,core_functions_json,core_functions_standard,core_functions_relation,core_functions_variant,core_functions_unclassified,core_service,core,core_external_store_relational_postgres_sql_model,core_external_store_relational_postgres_sql_model_extensions,core_external_store_relational_sql_dialect_translation,core_external_store_relational_sql_planning,core_external_store_relational_sql_dialect_translation_h2	(meta::relational|meta::external::store::relational|meta::pure::mapping|meta::protocols::pure|meta::relational::tests::csv|meta::alloy::service::execution|meta::pure::tds|meta::pure::executionPlan|meta::pure::legend::connections|meta::pure::alloy::connections|meta::external::store::relational::runtime|meta::pure::milestoning|meta::pure::router|meta::alloy::objectReference|meta::pure::lineage|meta::pure::graphFetch)(::.*)?
core_relational_athena	engine	6	208	platform,platform_store_relational,core_functions_unclassified,core_functions_standard,core,core_relational	(meta::relational::functions::sqlQueryToString::athena|meta::relational::tests::sqlQueryToString::athena|meta::pure::alloy::connections|meta::external::store::relational::runtime|meta::protocols::pure|meta::relational::tests::connEquality)(::.*)?
core_relational_aurora	engine	7	294	platform,platform_store_relational,core_functions_unclassified,core_functions_standard,core,core_relational,core_relational_postgres	(meta::relational::functions::sqlQueryToString::aurora|meta::relational::tests::sqlQueryToString::aurora|meta::pure::alloy::connections|meta::external::store::relational::runtime|meta::protocols::pure|meta::relational::tests::connEquality)(::.*)?
core_relational_bigquery	engine	31	1059	platform,platform_dsl_store,platform_store_relational,core_functions_unclassified,core_functions_standard,core,core_relational	(meta::relational::functions::sqlQueryToString::bigQuery|meta::relational::tests::sqlQueryToString::bigQuery|meta::relational::bigQuery::tests|meta::pure::alloy::connections|meta::external::store::relational::runtime|meta::protocols::pure|meta::relational::tests::connEquality)(::.*)?
core_relational_clickhouse	engine	4	475	platform,platform_store_relational,core_functions_unclassified,core_functions_standard,core,core_relational	(meta::relational::functions::sqlQueryToString::clickhouse|meta::relational::tests::sqlQueryToString::clickhouse|meta::relational::tests::query::function::clickhouse|meta::relational::functions::sqlToString::clickhouse|meta::relational::tests::functions::sqlstring::clickhouse|meta::relational::tests::mapping::function::clickhouse|meta::relational::tests::tds::clickhouse|meta::pure::executionPlan::tests::clickhouse|meta::pure::alloy::connections|meta::protocols::pure)(::.*)?
core_relational_clickhouse_pct	engine	1	27	platform,platform_dsl_store,platform_store_relational,core,core_functions_unclassified,core_functions_standard,core_external_compiler,core_relational,core_external_test_connection	(meta::relational::tests::pct::clickhouse)(::.*)?
core_relational_databricks	engine	33	2684	platform,platform_store_relational,platform_dsl_store,core_functions_unclassified,core_functions_standard,core,core_relational	(meta::relational::functions::typeConversion::databricks|meta::relational::tests::sqlToString::databricks|meta::relational::functions::sqlQueryToString::databricks|meta::relational::tests::sqlQueryToString::databricks|meta::relational::tests::connEquality|meta::relational::databricks::tests|meta::relational::tests::functions::sqlstring::databricks|meta::pure::alloy::connections|meta::protocols::pure)(::.*)?
core_relational_databricks_pct	engine	2	50	platform,platform_dsl_store,platform_store_relational,core,core_functions_unclassified,core_functions_standard,core_external_compiler,core_relational,core_external_test_connection	(meta::relational::tests::pct::databricks)(::.*)?
core_relational_duckdb	engine	11	1360	platform,platform_dsl_store,platform_store_relational,core,core_functions_unclassified,core_functions_standard,core_relational,core_external_store_relational_sql_dialect_translation_duckdb	(meta::relational::functions::typeConversion::duckDB|meta::relational::functions::sqlQueryToString::duckDB|meta::relational::tests::sqlQueryToString::duckDB|meta::pure::alloy::connections|meta::external::store::relational::runtime|meta::protocols::pure|meta::relational::tests::connEquality)(::.*)?
core_relational_duckdb_pct	engine	3	79	platform,platform_dsl_store,platform_store_relational,core,core_functions_unclassified,core_functions_standard,core_external_compiler,core_relational,core_external_test_connection,core_external_store_relational_sql_dialect_translation_duckdb	(meta::relational::tests::pct::duckDB)(::.*)?
core_relational_h2_pct	engine	3	79	platform,platform_dsl_store,platform_store_relational,core,core_functions_unclassified,core_functions_standard,core_external_compiler,core_relational,core_external_test_connection,core_external_store_relational_sql_dialect_translation_h2	(meta::relational::tests::pct::h2)(::.*)?
core_relational_hive	engine	3	153	platform,platform_store_relational,core_functions_standard,core,core_relational	(meta::relational::functions::sqlQueryToString::hive|meta::relational::tests::sqlQueryToString::hive|meta::pure::executionPlan::tests::hive|meta::relational::tests::mapping::sqlFunction::hive|meta::pure::alloy::connections|meta::protocols::pure)(::.*)?
core_relational_java_platform_binding	engine	6	3681	platform,platform_dsl_graph,platform_dsl_mapping,platform_store_relational,core_functions_standard,core_functions_unclassified,core,core_relational,core_external_language_java,core_java_platform_binding,core_java_platform_binding_external_format,core_external_language_java_conventions_essential	(meta::relational::executionPlan::platformBinding::legendJava)(::.*)?
core_relational_memsql	engine	12	1487	platform,platform_store_relational,core_functions_standard,core_functions_unclassified,core,core_relational	(meta::relational::functions::sqlQueryToString::memsql|meta::pure::alloy::connections|meta::protocols::pure|meta::relational::tests::sqlQueryToString::memsql|meta::relational::memsql::tests)(::.*)?
core_relational_mft	engine	1	199	platform,platform_dsl_mapping,platform_dsl_store,platform_dsl_tds,platform_store_relational,core_external_compiler,core_functions_relation,core_functions_json,core,core_functions_standard,core_functions_unclassified,core_relational,core_service,core_external_test_connection	meta::relational::mft(::.*)?
core_relational_oracle	engine	6	669	platform,platform_store_relational,core_functions_unclassified,core_functions_standard,core,core_relational	(meta::relational::functions::sqlQueryToString::oracle|meta::relational::tests::sqlQueryToString::oracle|meta::relational::tests::query::function::oracle|meta::relational::functions::sqlToString::oracle|meta::relational::tests::mapping::function::oracle|meta::relational::tests::tds::oracle|meta::pure::executionPlan::tests::oracle|meta::pure::alloy::connections|meta::protocols::pure|meta::relational::tests::connEquality)(::.*)?
core_relational_oracle_pct	engine	1	27	platform,platform_dsl_store,platform_store_relational,core,core_functions_unclassified,core_functions_standard,core_external_compiler,core_relational,core_external_test_connection	(meta::relational::tests::pct::oracle)(::.*)?
core_relational_postgres	engine	12	1402	platform,platform_store_relational,core_functions_unclassified,core_functions_standard,core,core_relational,core_external_store_relational_sql_dialect_translation	(meta::relational::functions::sqlQueryToString::postgres|meta::relational::tests::sqlQueryToString::postgres|meta::relational::tests::query::function::postgres|meta::relational::functions::sqlToString::postgres|meta::relational::tests::mapping::function::postgres|meta::relational::tests::tds::postgres|meta::pure::executionPlan::tests::postgres|meta::pure::alloy::connections|meta::protocols::pure)(::.*)?
core_relational_postgres_pct	engine	2	53	platform,platform_dsl_store,platform_store_relational,core,core_functions_unclassified,core_functions_standard,core_external_compiler,core_relational,core_external_test_connection,core_external_store_relational_sql_dialect_translation	(meta::relational::tests::pct::postgres)(::.*)?
core_relational_presto	engine	9	1219	platform,platform_store_relational,core_functions_standard,core_functions_unclassified,core,core_relational	(meta::relational::functions::sqlQueryToString::presto|meta::relational::tests::sqlQueryToString::presto|meta::pure::executionPlan::tests::presto|meta::relational::tests::query::function::presto|meta::relational::tests::projection::presto|meta::relational::tests::tds::presto|meta::relational::tests::mapping::sqlFunction::presto|meta::relational::tests::functions::sqlstring::presto|meta::pure::alloy::connections|meta::protocols::pure)(::.*)?
core_relational_redshift	engine	27	1091	platform,platform_store_relational,platform_dsl_store,core_functions_unclassified,core_functions_standard,core,core_relational	(meta::relational::functions::sqlQueryToString::redshift|meta::relational::tests::sqlQueryToString::redshift|meta::relational::functions::sqlQueryToString::tests::redshift|meta::pure::executionPlan::tests::redshift|meta::pure::legend::connections::legend::specification|meta::pure::alloy::connections|meta::protocols::pure)(::.*)?
core_relational_snowflake	engine	47	4351	platform,platform_dsl_store,platform_store_relational,platform_dsl_mapping,core_functions_unclassified,core_functions_standard,core,core_relational	(meta::relational::functions::typeConversion::snowflake|meta::relational::functions::sqlQueryToString::snowflake|meta::relational::tests::connEquality|meta::relational::tests::sqlQueryToString::snowflake|meta::relational::tests::sqlToString::snowflake|meta::pure::executionPlan::tests::snowflake|meta::relational::tests::projection::snowflake|meta::relational::tests::query::snowflake|meta::relational::tests::tds::snowflake|meta::relational::tests::mapping::function::snowflake|meta::relational::tests::postProcessor::snowflake|meta::pure::alloy::connections|meta::protocols::pure)(::.*)?
core_relational_snowflake_pct	engine	3	79	platform,platform_dsl_store,platform_store_relational,core,core_functions_unclassified,core_functions_standard,core_external_compiler,core_relational,core_external_test_connection	(meta::relational::tests::pct::snowflake)(::.*)?
core_relational_spanner	engine	16	879	platform,platform_store_relational,core_functions_standard,core,core_relational	(meta::relational::functions::sqlQueryToString::spanner|meta::relational::tests::sqlQueryToString::spanner|meta::pure::alloy::connections|meta::external::store::relational::runtime|meta::protocols::pure)(::.*)?
core_relational_sparksql	engine	3	574	platform,platform_store_relational,platform_dsl_mapping,core_functions_unclassified,core_functions_standard,core,core_relational	(meta::relational::functions::sqlQueryToString::sparkSQL|meta::relational::tests::sqlQueryToString::sparkSQL|meta::relational::tests::sqlToString::sparkSQL|meta::pure::executionPlan::tests::sparkSQL|meta::relational::tests::mapping::sqlFunction::sparkSQL|meta::relational::tests::postProcessor::sparkSQL|meta::relational::tests::query::function::sparkSQL|meta::relational::tests::functions::sqlstring::sparkSQL|meta::relational::tests::tds::sparkSQL|meta::relational::tests::projection::sparkSQL|meta::pure::alloy::connections|meta::protocols::pure)(::.*)?
core_relational_sqlserver	engine	2	393	platform,platform_store_relational,core_functions_unclassified,core,core_relational,core_functions_standard	(meta::relational::functions::sqlQueryToString::sqlServer|meta::relational::tests::sqlQueryToString::sqlServer|meta::relational::sqlServer::tests)(::.*)?
core_relational_store_entitlement	engine	2	196	platform,platform_dsl_mapping,platform_dsl_store,platform_store_relational,core_functions_standard,core,core_relational	(meta::analytics::store::entitlements)(::.*)?
core_relational_sybase	engine	8	680	platform,platform_store_relational,core_functions_standard,core_functions_unclassified,core,core_relational	(meta::relational::functions::sqlQueryToString::sybaseASE|meta::relational::functions::sqlQueryToString::sybase|meta::pure::alloy::connections::tests::sybase|meta::relational::tests::sqlQueryToString::sybase|meta::pure::executionPlan::tests::sybase|meta::relational::tests::tds::sybase|meta::relational::tests::ddl::sybase|meta::relational::tests::functions::sqlstring::sybase|meta::relational::tests::mapping::sqlFunction::sybase|meta::pure::alloy::connections|meta::protocols::pure)(::.*)?
core_relational_sybaseiq	engine	16	2842	platform,platform_store_relational,platform_dsl_store,core_functions_unclassified,core_functions_standard,core,core_relational	(meta::relational::functions::sqlQueryToString::sybaseIQ|meta::relational::tests::sqlQueryToString::sybaseIQ|meta::relational::tests::sqlToString::sybaseIQ|meta::pure::executionPlan::tests::sybaseIQ|meta::relational::tests::mapping::sqlFunction::sybaseIQ|meta::relational::tests::postProcessor::sybaseIQ|meta::relational::tests::query::function::sybaseIQ|meta::relational::tests::functions::sqlstring::sybaseIQ|meta::relational::tests::tds::sybaseIQ|meta::relational::tests::projection::sybaseIQ|meta::pure::alloy::connections|meta::protocols::pure)(::.*)?
core_relational_test	engine	2	603	platform,core,core_relational,core_external_compiler,core_functions_unclassified,platform_dsl_mapping,platform_dsl_graph,platform_dsl_path,core_functions_json,platform_store_relational,core_java_platform_binding,core_java_platform_binding_external_format,core_external_format_json,core_external_format_json_java_platform_binding,core_external_language_java_conventions_essential	(meta::relational)(::.*)?
core_relational_trino	engine	10	775	platform,platform_store_relational,core_functions_unclassified,core_functions_standard,core,core_relational	(meta::relational::functions::sqlQueryToString::trino|meta::relational::tests::sqlQueryToString::trino|meta::pure::alloy::connections|meta::external::store::relational::runtime|meta::protocols::pure)(::.*)?
core_relational_trino_pct	engine	1	28	platform,platform_dsl_store,platform_store_relational,core,core_functions_unclassified,core_functions_standard,core_external_compiler,core_relational,core_external_test_connection	(meta::relational::tests::pct::trino)(::.*)?
core_reverse_pct	engine	2	240	platform,core_functions_unclassified,core_external_extensions,core	(meta::pure::test::pct::reversePCT)(::.*)?
core_scenario_quant	engine	8	755	platform,platform_precise_primitives,core_functions_relation,core_functions_unclassified,core_functions_standard	(meta::external::scenario::quant)(::.*)?
core_service	engine	5	618	platform,platform_dsl_diagram,platform_dsl_mapping,platform_dsl_store,core_functions_standard,core_data_space_metamodel,core_external_format_json,core	(meta::legend::service|meta::pure::mapping)(::.*)?
core_servicestore	engine	115	10485	platform,platform_dsl_graph,platform_dsl_path,platform_dsl_mapping,platform_dsl_store,core_functions_standard,core_functions_unclassified,core,core_external_format_json,core_authentication	(meta::external::store::service|meta::protocols::pure)(::.*)?
core_servicestore_java_platform_binding	engine	3	285	platform,platform_dsl_mapping,core,core_external_format_json,core_servicestore,core_external_language_java,core_java_platform_binding,core_java_platform_binding_external_format,core_external_language_java_conventions_essential	(meta::external::store::service::executionPlan::platformBinding::legendJava)(::.*)?
core_snowflake	engine	8	750	core,platform,platform_dsl_graph,platform_dsl_store,platform_dsl_mapping,platform_store_relational,core_functions_json,core_functions_standard,core_relational,core_analytics_lineage,core_function_activator,core_relational,core_relational_snowflake	(meta::external::function::activator::snowflakeApp|meta::external::function::activator::snowflakeM2MUdf|meta::protocols)(::.*)?
core_snowflake_test	engine	3	980	core,core_relational,core_functions_relation,core_function_activator,core_functions_json,core_functions_unclassified,core_functions_standard,platform,platform_dsl_store,platform_dsl_graph,platform_dsl_mapping,platform_store_relational,platform_precise_primitives,core_snowflake,core_external_compiler	(meta::external::function::activator::snowflakeApp|meta::external::function::activator::snowflakeM2MUdf|meta::protocols)(::.*)?
core_text_metamodel	engine	1	19	platform	(meta::pure::metamodel::text)(::.*)?
platform	pure	244	23714		((meta)|(system)|(apps::pure))(::.*)?
platform_dsl_diagram	pure	1	150	platform	(meta::pure::diagram)(::.*)?
platform_dsl_graph	pure	2	60	platform	(meta::pure::graphFetch|meta::pure::functions::meta)(::.*)?
platform_dsl_mapping	pure	6	621	platform,platform_dsl_store	(meta::pure::mapping|meta::external::store::model|meta::pure::metamodel)(::.*)?
platform_dsl_path	pure	1	46	platform	(meta::pure::metamodel::path)(::.*)?
platform_dsl_store	pure	2	91	platform	(meta::external::store::model|meta::pure::metamodel::valuespecification|meta::pure::store|meta::pure::runtime|meta::core::runtime)(::.*)?
platform_dsl_tds	pure	1	69	platform	(meta::pure::metamodel::relation)(::.*)?
platform_precise_primitives	pure	1	78	platform	(meta::pure::precisePrimitives)(::.*)?
platform_store_relational	pure	9	1476	platform,platform_dsl_mapping,platform_dsl_store	(meta::relational|meta::external::store::relational|meta::pure::functions::io)(::.*)?
pure_ide	engine	4	617	platform,platform_dsl_mapping,platform_dsl_diagram,core_functions_standard,core_functions_unclassified,core_functions_json,core	(meta::pure::ide)(::.*)?
pure_ide_debug	engine	1	15	platform	(meta::pure::ide)(::.*)?
